stop_name,type,location,in_lines,identifier,east-west
Adlershof,s-bahn,"52.434722222222,13.541388888889","KBS 103,KBS 100a,KBS 106",Q323551,Ost
"Ahrensfeld, Kirche",bus,"52.57532170199278, 13.576515606968998",A46,,Ost
Albrechtshof,s-bahn,"52.5494,13.1283",KBS 103,Q800470,Ost
Alexanderplatz,s-bahn,"52.521388888889,13.411944444444","KBS 101,KBS 103,KBS 102",Q111324700,Ost
Alexanderplatz,u-bahn,"52.5214,13.4119","A,E",Q17173458,Ost
"Alexanderplatz, Elisabethstrasse",strassenbahn,"52.5214867270211, 13.41819396874171",82,,Ost
"Alexanderplatz, Grunerstrasse",strassenbahn,"52.52008326268696, 13.41408418961877",71,,Ost
"Alexanderplatz, Leninallee",strassenbahn,"52.522103158947594, 13.416511130432587",64,,Ost
"Alexanderplatz, Memhardstr.",strassenbahn,"52.5233439,13.4110773","1, 63,11,72,74E,22,74","Q65227406, Q65227406",Ost
"Alt-Biesdorf, Oberfeldstrasse",bus,"52.50918606891929, 13.553347058493491","O37, A8,A8E",",",Ost
Alt-Friedrichsfelde Ecke Am Tierpark,bus,"52.5097025850849, 13.518832511815527","A43,O37,A8,A8E",,Ost
Alt-Friedrichsfelde Ecke Am Tierpark,strassenbahn,"52.50914093654053, 13.518129930582422",69,,Ost
"Alt-Marzahn, Kirche",bus,"52.542423454435976, 13.564061751343658",O37,,Ost
Alt-Schmöckwitz,bus,"52.37536708814027, 13.649399886968025","Schmöckwitz<>Ziegenhals (VEB Kraftverkehr Schöneiche-Rüdersdorf),Schmöckwitz<>Eichwalde (VEB Kraftverkehr Schöneiche-Rüdersdorf)",,Ost
Alt-Schmöckwitz,strassenbahn,"52.3752767,13.649549",86,Q66459540,Ost
"Altglienicke, Am Falkenberg",strassenbahn,"52.41079970042163, 13.570452931545786",84,,Ost
"Altglienicke, Kirche",bus,"52.421845729296805, 13.539407702079252",A23,,Ost
Am Kupfergraben,strassenbahn,"52.5194208,13.3953839","46,70,1",Q65055027,Ost
Am Rosenhag,bus,"52.52474356253909, 13.621775828105108","A44,A44E",,Ost
Am Steinberg,bus,"52.55648144940878, 13.429306764151775","A55,A42,A45",,Ost
Am Steinberg,strassenbahn,"52.5585796,13.4333751",71,Q65103320,Ost
Am Treptower Park Ecke Elsenstrasse,strassenbahn,"52.4917648672198, 13.457703881892664",87,,Ost
Andreasstrasse,bus,"52.51797306914227, 13.432895480772247",O30,,Ost
Antonplatz,strassenbahn,"52.5484803,13.4517416","3,70,72,74E,74",Q65548849,Ost
Babelsberg,s-bahn,"52.3914,13.0928",KBS 102,Q801326,Ost
Bahnhof Lichtenberg (Zentralfriedhof),u-bahn,"52.510556,13.496389",E,Q3831986,Ost
Bahnhofstrasse Ecke Lindenstrasse,bus,"52.45096281111, 13.572146868709519",A27,,Ost
Bahnhofstrasse Ecke Lindenstrasse,strassenbahn,"52.4505094,13.572684","82,87, 83,95,84,86","Q66095701, Q66095701",Ost
Baumschulenstrasse,strassenbahn,"52.469081846595664, 13.491329912138305","95,92",,Ost
Baumschulenweg,s-bahn,"52.4675,13.489722","KBS 103,KBS 103a,KBS 100a,KBS 106",Q324336,Ost
Benzolwerk,strassenbahn,"52.426414690299055, 13.546444409734137",84,,Ost
Bernau (b Bln),s-bahn,"52.6763,13.5931",KBS 106,Q479789,Ost
Bersarinplatz,strassenbahn,"52.519215,13.4525257","13,4",Q65706258,Ost
Betriebsbahnhof Rummelsburg,s-bahn,"52.4939,13.4978",KBS 102,Q829009,Ost
Betriebsbahnhof Schöneweide,s-bahn,"52.44676,13.52391","KBS 103,KBS 100a,KBS 106",Q4526101,Ost
Bf. Siegfriedstrasse,bus,"52.52004640241046, 13.499373630980266",O30,,Ost
Bhf. Drewitz,bus,"52.383210942095026, 13.122280120317033","S-Bhf. Grünau <> Potsdam, Bassinplatz (VEB Potsdam-Babelsberg)",,Ost
Bhf. Eichwalde,bus,"52.371950560017005, 13.614447144096058",Schmöckwitz<>Eichwalde (VEB Kraftverkehr Schöneiche-Rüdersdorf),,Ost
Bhf. Friedrichstrasse,bus,"52.5205606637086, 13.388231915342985","A57,A9",,Ost
Bhf. Friedrichstrasse,strassenbahn,"52.5192805,13.3884107","46,70,1",Q65095382,Ost
Bhf. Köpenick,strassenbahn,"52.4582153,13.5790435",83,Q66370784,Ost
Bhf. Lichtenberg,bus,"52.5112875601879, 13.499591119128855","O30,O37",,Ost
Bhf. Lichtenberg,strassenbahn,"52.5123603,13.4977547",69,Q66013733,Ost
Bhf. Mahlow,bus,"52.36020392986998, 13.408712381285893","S-Bhf. Grünau <> Potsdam, Bassinplatz (VEB Potsdam-Babelsberg)",,Ost
Bhf. Rosenthal,strassenbahn,"52.598664,13.3726652",22,Q65364041,Ost
Bhf. Schöneweide,bus,"52.45374952013775, 13.510200397684477","A47,Flughafen Schönefeld <> Strausberger Platz,A26",,Ost
Bhf. Schöneweide,strassenbahn,"52.45640818289644, 13.509916574756422","95,69,92",,Ost
"Bhf. Schöneweide, Brückenstrasse",strassenbahn,"52.45648404130997, 13.509984392000785",87,,Ost
Bhf. Siegfriedstrasse,strassenbahn,"52.5123603,13.4977547",69,Q66013733,Ost
Bhf. Stalinallee,strassenbahn,"52.5153903,13.4540172",3,Q65706246,Ost
Bhf. Teltow,bus,"52.38887329700411, 13.300037338373293","S-Bhf. Grünau <> Potsdam, Bassinplatz (VEB Potsdam-Babelsberg)",,Ost
Biesdorf,s-bahn,"52.5131,13.5554",KBS 101,Q4892357,Ost
Birkenwerder,s-bahn,"52.6885,13.2888",KBS 104,Q2343634,Ost
Björnsonstrasse,strassenbahn,"52.5544232,13.4030585",3,Q65920495,Ost
Blankenburg,s-bahn,"52.5915,13.4435",KBS 106,Q800469,Ost
"Blankenburg, Bahnhofstrasse",bus,"52.591380472079955, 13.453512267562314",A42,,Ost
Blankenburger Strasse Ecke Pasewalker Strasse,strassenbahn,"52.58856586829923, 13.430216508474143",49,,Ost
Blankenfelde,s-bahn,"52.3376,13.4158",KBS 105,Q111311372,Ost
"Blankenfelde, Hauptstrasse",bus,"52.63002534735451, 13.38262328371393",A7,,Ost
"Bohnsdorf, Kirche",bus,"52.39948771402893, 13.555574431978044",AD/36,,Ost
"Bohnsdorf, Waldstrasse",bus,"52.389397192754984, 13.570666562153916",A38,,Ost
Borgsdorf,s-bahn,"52.7155,13.2764",KBS 104,Q4093486,Ost
Bornholmer Strasse Ecke Schönhauser Allee,strassenbahn,"52.5537705,13.4138898",49,Q65076842,Ost
Boxhagenerstrasse Ecke Holteistrasse,bus,"52.508613193309614, 13.466277189422302",O30,,Ost
Boxhagenerstrasse Ecke Holteistrasse,strassenbahn,"52.5088235,13.465969","3, 13","Q65675805, Q65675805",Ost
Brauerei,strassenbahn,"52.44699265840037, 13.624251999339991",84,,Ost
Breslauer Strasse Ecke Andreasstrasse,strassenbahn,"52.51112572772843, 13.430544216648766",1,,Ost
Brunnenstrasse,strassenbahn,"52.5324542,13.3974236","46,70",Q65691740,Ost
Brunnenstrasse Ecke Invalidenstrasse,strassenbahn,"52.5324542,13.3974236",11,Q65691740,Ost
Buch,s-bahn,"52.6359,13.4917",KBS 106,Q4892359,Ost
"Buch, Kiesgruben",bus,"52.641758052786535, 13.515964627443202",A42,,Ost
"Buchholz, Hauptstrasse",strassenbahn,"52.619072064369824, 13.393383358408967",49,,Ost
Buschallee Ecke Berliner Allee,strassenbahn,"52.55388247845091, 13.467523731713502",72,,Ost
Buschallee Ecke Klement-Gottwald-Alle,bus,"52.55387831866095, 13.467451226079117",A46,,Ost
Buschallee Ecke Klement-Gottwald-Allee,strassenbahn,"52.5537598,13.4691966",70,Q65546661,Ost
"Bölschestrasse, Brauerei",strassenbahn,"52.44699265840037, 13.624251999339991",87,,Ost
Bürgerwäldchen,strassenbahn,"52.4893741,13.6064139",83,Q66364551,Ost
Bürknersfelde,bus,"52.538889807153126, 13.534159376784622","A43,O37",,Ost
Carl-von-Ossietzky-Werk,bus,"52.39701454468935, 13.243358010546082","S-Bhf. Grünau <> Potsdam, Bassinplatz (VEB Potsdam-Babelsberg)",,Ost
Charlottenstrasse Ecke Leipziger Strasse,strassenbahn,"52.51050786460274, 13.391831492474326",72,,Ost
Chemische Fabrik,strassenbahn,"52.42696432509712, 13.573540465650169",86,,Ost
Chemnitzer Ecke Ulmenstrasse,bus,"52.48730504728054, 13.5749460378103","A8,A8E",,Ost
Chemnitzer Strasse Ecke Alt-Kaulsdorf,bus,"52.505156423214295, 13.58155740370254",A27,,Ost
Dahlewitz,s-bahn,"52.326389,13.419722",KBS 105,Q5208886,Ost
Dankmarsteig,bus,"52.412460454887416, 13.528705230313825",A23,,Ost
Degnerstrasse,strassenbahn,"52.54488036635163, 13.493949954029993","64,63",,Ost
"Diepensee, Flughafen",bus,"52.362110314401846, 13.548585893916993",AD/36,,Ost
Dimitroffstr.,u-bahn,"52.541666666667,13.412222222222",A,Q571382,Ost
Dimitroffstrasse,bus,"52.52644944679887, 13.447574773361476",A9,,Ost
Dimitroffstrasse,strassenbahn,"52.5264303512303, 13.447596791543624","64,63",,Ost
Dimitroffstrasse,strassenbahn,"52.53617065447549, 13.433035147691381","74E,74",,Ost
Dimitroffstrasse,strassenbahn,"52.53918901477695, 13.42424530247013","72,71",,Ost
Dimitroffstrasse Ecke Leninallee,bus,"52.52644398829154, 13.447645022319072",O37,,Ost
Dingelstädter Strasse,bus,"52.53587676296107, 13.522058626010088",O37,,Ost
Dönhoffplatz,strassenbahn,"52.509950568117645, 13.398144081918815",64,,Ost
Eberswalderstrasse Ecke Oderberger Strasse,strassenbahn,"52.54061076763243, 13.404559930731686","4, 13",",",Ost
Ebertystrasse Ecke Leninallee,bus,"52.52722237261361, 13.450799684654514",O30,,Ost
Edisonstrasse,strassenbahn,"52.4619496,13.5139049",95,Q65951882,Ost
Ehrenmal,bus,"52.57958419912971, 13.375974716701414","A55,A45",,Ost
Eichbuschallee,bus,"52.47574296676633, 13.487312571777435",A47,,Ost
Eichbuschplatz,bus,"52.39366126137233, 13.582046308470128",A38,,Ost
Eichwalde,s-bahn,"52.3715,13.6152",KBS 103,Q19274479,Ost
"Eichwalde, Uhlandstrasse",bus,"52.372634587228696, 13.62680242919348",Schmöckwitz<>Eichwalde (VEB Kraftverkehr Schöneiche-Rüdersdorf),,Ost
Elisabethstrasse,bus,"52.53409533705918, 13.55949915809485",O37,,Ost
Elisabethstrasse,strassenbahn,"52.51764985236767, 13.418046139104245",22,Q65364041,Ost
Elsässer Strasse,bus,"52.63337294510061, 13.345103420124245",A7,,Ost
Erkner,s-bahn,"52.4296,13.7513",KBS 102,Q14434071,Ost
Fahlenbergstrasse Ecke Fürstenwalder Allee,bus,"52.431470149043314, 13.718708856639706",A22,,Ost
Falkenberger Chaussee,bus,"52.565816857333125, 13.511913714753",A39,,Ost
Falkenbergerstrasse Ecke Wartenberger Strasse,strassenbahn,"52.55036672097044, 13.509915032138812",63,,Ost
Falkensee,s-bahn,"52.559722,13.088889",KBS 103,Q5431918,Ost
Feldtmannstrasse,bus,"52.56401588379611, 13.46980857664685",A46,,Ost
"Fichtenau, Stadtgrenze",bus,"52.45479242349705, 13.701499962608066",A22,,Ost
Fichtestrasse Ecke Schopenhauerstrasse,bus,"52.47979924975105, 13.617292306977053",A8,,Ost
Flughafen Schönefeld,bus,"52.388890492596076, 13.518696635005039",Flughafen Schönefeld <> Strausberger Platz,,Ost
Frankfurter Tor,u-bahn,"52.515833333333,13.454166666667",E,Q568627,Ost
Frankfurter Tor/Stalinallee,strassenbahn,"52.5153903,13.4540172","13,4",Q65706246,Ost
Fredersdorf (b Bln),s-bahn,"52.5265,13.7625",KBS 101,Q15197387,Ost
Freibad Grünau,strassenbahn,"52.4086224,13.604455",86,Q66489598,Ost
Friedrich-Junge-Strasse,bus,"52.49382897072681, 13.471572865851856",A82P,,Ost
Friedrichsfelde (Tierpark),u-bahn,"52.506111111111,13.512777777778",E,Q429781,Ost
Friedrichsfelde Ost,s-bahn,"52.5141,13.5198",KBS 101,Q800473,Ost
Friedrichshagen,s-bahn,"52.4574,13.6233",KBS 102,Q800474,Ost
"Friedrichshagen, Wasserwerk",strassenbahn,"52.4560563,13.6419956",84,Q66362601,Ost
Friedrichstrasse Ecke Leipzigerstrasse,strassenbahn,"52.5103602362092, 13.38989950699694",74,,Ost
Friedrichstrasse Ecke Unter den Linden,bus,"52.51718498081941, 13.388821428784585","A57,A9",,Ost
Fürstenwalder Damm,strassenbahn,"52.4498638,13.661534",84,Q66361484,Ost
"Galenusstrasse, Krankenhaus Pankow",strassenbahn,"52.5818183,13.4287678",49,Q66195410,Ost
Gartenstadtweg,bus,"52.412313913821045, 13.56660267841369",AD/36,,Ost
Genslerstrasse Ecke Siegfriedstrasse,bus,"52.53419051284018, 13.497014225567375",O37,,Ost
Gerosteig,bus,"52.40977095398672, 13.52694351354655",A23,,Ost
Giebelsee,s-bahn,"52.5291,13.791",KBS 101,Q7178217,Ost
Glasow,bus,"52.34362622314638, 13.436212574873101","S-Bhf. Grünau <> Potsdam, Bassinplatz (VEB Potsdam-Babelsberg)",,Ost
"Glienicke, Kirche",bus,"52.63062737184449, 13.312861916755343",A7,,Ost
Greifswalder Str.,s-bahn,"52.539722222222,13.439444444444","KBS 103a,KBS 106",Q439246,Ost
Greifswalder Strasse,bus,"52.53002871375482, 13.62681794411932","A44,A44E",,Ost
Greifswalder Strasse,strassenbahn,"52.5364975,13.4334045","13,4",Q65548960,Ost
Greifswalderstrasse Ecke Dimitroffstrasse,bus,"52.5362177572407, 13.433017500945247",O30,,Ost
Griebnitzsee,s-bahn,"52.3944,13.1272",KBS 102,Q315133,Ost
Grottkauer Strasse,bus,"52.52796238368814, 13.600805280630896",A49,,Ost
Groß Ziethen,bus,"52.41404104155547, 13.438879163306126",AZ,,Ost
Große Seestrasse Ecke Berliner Allee,bus,"52.55706359604488, 13.46682217730197",A55,,Ost
Grünau,s-bahn,"52.4122,13.5746","KBS 103,KBS 100a,KBS 106",Q111307258,Ost
Grünberger Strasse,strassenbahn,"52.5122359,13.452609",4,Q65706239,Ost
Gustav-Adolf-Strasse Ecke Rennbahnstrasse,bus,"52.562178269666816, 13.454275093038184",A55,,Ost
Güteraußenring,bus,"52.599887239389226, 13.469297130431492",A42,,Ost
Güterbahnhof Springpfuhl,bus,"52.52561231977731, 13.533687321893124",A43,,Ost
"Hackescher Markt, Große Präsidentenstrasse",strassenbahn,"52.523392495650945, 13.40144677696498","49,63",,Ost
Hamburger Platz,bus,"52.555394187589414, 13.438973139463632","A56,A55,A45",,Ost
Hannoversche Strasse,strassenbahn,"52.52716496126181, 13.387046759579254",11,,Ost
Hauptstrasse Ecke Edelweißstrasse,bus,"52.586379262142074, 13.36752938856218","A55,A45",,Ost
Hauptstrasse Ecke Karlshorster Strasse,strassenbahn,"52.50151144462545, 13.475233514493265",82,,Ost
Hauptstrasse Ecke Suermondtstrasse,strassenbahn,"52.549007155940316, 13.5016967242267",70,,Ost
Hausvogteiplatz,u-bahn,"52.513055555556,13.396666666667",A,Q656523,Ost
"Heinersdorf, Kirche",bus,"52.56826376476754, 13.440601903603064",A42,,Ost
"Heinersdorf, Kirche",strassenbahn,"52.5686908,13.4389053",71,Q65096107,Ost
"Heinersdorf, Romain-Rolland-Str.",strassenbahn,"52.5725511,13.4371063",71,Q65096052,Ost
Heinrich-Duncker-Strasse Ecke Ehrlichstrasse,strassenbahn,"52.4789566,13.5234316",82,Q65951921,Ost
Heinrich-Heine-Strasse,strassenbahn,"52.51099529411967, 13.416420239383946","64,11",,Ost
Heinrich-Mann-Platz,bus,"52.57297246262195, 13.392146133350426","A55,A45",,Ost
Hennigsdorf (b Bln),s-bahn,"52.638,13.2057",KBS 105,Q800909,Ost
Hennigsdorf Nord,s-bahn,"52.66,13.2033",KBS 105,Q685717,Ost
"Hessenwinkel, Lindenstrasse",bus,"52.42653518647879, 13.728458969026482",A22,,Ost
Hirschgarten,s-bahn,"52.4579,13.6032",KBS 102,Q4892435,Ost
Hirschgarten,strassenbahn,"52.4518533,13.6006245","84,87",Q66360740,Ost
Hirtestrasse,strassenbahn,"52.46228517510202, 13.582989445330378",86,,Ost
Hochschule für Ökonomie,strassenbahn,"52.4927681,13.5266059",69,Q65952866,Ost
Hohen-Neuendorf (b Bln),s-bahn,"52.6684,13.287",KBS 104,Q4500489,Ost
"Hohenschönhausen, Falkenberger Strasse",bus,"52.550229554941964, 13.509585042301534",A39,,Ost
"Hohenschönhausen, Falkenberger Strasse",strassenbahn,"52.5508672,13.5094994","64,70",Q65555882,Ost
"Hohenschönhausen, Gartenstadt",strassenbahn,"52.5508672,13.5094994",63,Q65555882,Ost
"Hohenschönhausen, Hauptstrasse",strassenbahn,"52.548884396434666, 13.504600838756778","64,63",,Ost
Hohenschönhauser Strasse,strassenbahn,"52.5359329,13.4729468",3,Q65553684,Ost
Hohenschöpping,s-bahn,"52.67,13.1945",KBS 105,Q19274489,Ost
Hoppegarten (Mark),s-bahn,"52.5183,13.6734",KBS 101,Q15197357,Ost
Hultschiner Damm,bus,"52.47711373957008, 13.600598140620137",A8,,Ost
Humannplatz,strassenbahn,"52.5493627,13.4213646",70,Q65962652,Ost
"Hönow, Dorfstrasse",bus,"52.54884927869554, 13.63648687804691",A44,,Ost
Invalidenstrasse Ecke Chausseestrasse,strassenbahn,"52.5304158,13.3827302",1,Q65552697,Ost
Jannowitzbrücke,s-bahn,"52.514822222222,13.41795","KBS 101,KBS 103,KBS 102",Q27955427,Ost
Joachimstrasse,bus,"52.40316589631168, 13.57664158970399",A38,,Ost
"Johannisthal, Haeckelstrasse",strassenbahn,"52.4402944,13.5052638",69,Q66225573,Ost
Johannisthaler Chaussee,bus,"52.43435004063257, 13.469086013123487",A47,,Ost
Johannisthaler Chaussee,strassenbahn,"52.43434580082342, 13.469025837805159",47,,Ost
Kali-Chemie,strassenbahn,"52.46329854840191, 13.499789773217568","95, 92",",",Ost
Karlshorst,s-bahn,"52.4808,13.5258",KBS 102,Q111327045,Ost
Karlshorster Strasse,strassenbahn,"52.502334098187674, 13.475466875195085",13,,Ost
Karolinenhof Mitte,strassenbahn,"52.39176095915858, 13.634654256792825",86,,Ost
Karow,s-bahn,"52.615,13.4692",KBS 106,Q111324168,Ost
"Karow, Bahnhofstrasse",bus,"52.60931228539711, 13.481265848599735",A42,,Ost
Karower Strasse Ecke Alt-Buch,bus,"52.6353147366511, 13.49919747411447",A42,,Ost
Kaulsdorf,s-bahn,"52.5121,13.5904",KBS 101,Q800478,Ost
"Kaulsdorf, Bausdorfstrasse",bus,"52.51256368150751, 13.601906818686038",A49,,Ost
Kinderheim,bus,"52.4898153097415, 13.481404230737937",A82P,,Ost
Klein Ziethen,bus,"52.379580499215606, 13.44656986522325",AZ,,Ost
Klement-Gottwald-Allee Ecke Indira-Ghandi-Strasse,strassenbahn,"52.55207481375682, 13.465630856253787",3,,Ost
Klement-Gottwald-Allee Ecke Rennbahnstrasse,bus,"52.55694652931542, 13.466966083751453","A45, A46",",",Ost
Klement-Gottwald-Allee Ecke Rennbahnstrasse,strassenbahn,"52.5573986,13.4656872","72,74E,74",Q65954749,Ost
"Klingenberg, Blockdammweg",strassenbahn,"52.4842462,13.5104609","13,82",Q66085182,Ost
Klosterstr.,u-bahn,"52.516111111111,13.412222222222",A,Q657893,Ost
Klosterstrasse,bus,"52.51798604342281, 13.412126746747086",O30,,Ost
Kniprodestrasse,strassenbahn,"52.5325286,13.4406868","13,4",Q65707391,Ost
Kniprodestrasse Ecke Ermländische Strasse,bus,"52.53214047166688, 13.441498411095067",A57,,Ost
"Kolonie ""Land in Sonne""",bus,"52.55462883361286, 13.511870302373488",A39,,Ost
Konsum Wernsdorf,bus,"52.36448396303661, 13.698441127852544",Schmöckwitz<>Ziegenhals (VEB Kraftverkehr Schöneiche-Rüdersdorf),,Ost
Konsum Ziegenhals,bus,"52.353014165379946, 13.671672670712805",Schmöckwitz<>Ziegenhals (VEB Kraftverkehr Schöneiche-Rüdersdorf),,Ost
Kopernikusstrasse Ecke Warschauer Strasse,strassenbahn,"52.5105842,13.4526258","3,4",Q65950088,Ost
Kosterstrasse,bus,"52.51798604342281, 13.412126746747086",O30,,Ost
Kraftwerk Klingenberg,strassenbahn,"52.4881374,13.4958685","13, 82","Q66079524, Q66079524",Ost
Krankenhaus Köpenick,strassenbahn,"52.43861200573594, 13.592411258792163",95,,Ost
Kurische Strasse,bus,"52.53541468899389, 13.439085794623837",A9,,Ost
Kurt-Fischer-Platz,bus,"52.57973292845757, 13.398330728468228",A7,,Ost
Kurt-Fischer-Platz,strassenbahn,"52.578668,13.3983016","46,22",Q65032974,Ost
Köllnischer Platz,strassenbahn,"52.4447189,13.5686225","84,86",Q66363379,Ost
Königs Wusterhausen,s-bahn,"52.2966,13.6311",KBS 103,Q178002,Ost
Königstor,bus,"52.52520269485428, 13.419834994127731","O40,A57,A9",,Ost
Königstor,strassenbahn,"52.52821600265539, 13.423869016265495","74E,74",,Ost
Köpenick,s-bahn,"52.4586,13.5808",KBS 102,Q800479,Ost
"Köpenick, Krankenhaus",bus,"52.43861200573594, 13.592411258792163",A27,,Ost
Köpenicker Landstrasse Ecke Baumschulenstrasse,strassenbahn,"52.46913201072182, 13.491340045687773",87,,Ost
Küstriner Platz,bus,"52.51324778107561, 13.439333192026231","O30,O40",,Ost
LPG Falkenberg,bus,"52.57043275562403, 13.536024836217607",A46,,Ost
Landsberger Chaussee Ecke Weißenseer Weg,strassenbahn,"52.532258,13.476705",3,Q65942700,Ost
Langhans Strasse Ecke Gustav-Adolf-Strasse,bus,"52.55362785776103, 13.434716400018274",A45,,Ost
Langhansstrasse Ecke Gustav-Adolf-Strasse,bus,"52.55363454206649, 13.43469073771919",A55,,Ost
Lehnitz,s-bahn,"52.7411,13.2635",KBS 104,Q4258498,Ost
Leipziger Strasse Ecke Wilhelmstrasse,strassenbahn,"52.51000007018473, 13.384208357671987",74,,Ost
Leninallee,s-bahn,"52.5295,13.4548","KBS 103a,KBS 106",Q800507,Ost
Leninallee,strassenbahn,"52.5259343,13.4462368","13,4",Q65553230,Ost
Leninplatz,bus,"52.523238998562235, 13.433594583798834",O40,,Ost
Leninplatz,strassenbahn,"52.5232658,13.4326457","64,63,1",Q65553105,Ost
Lichtenberg,s-bahn,"52.5106,13.4964",KBS 101,Q634247,Ost
Lichtenberger Strasse Ecke Berliner Allee,strassenbahn,"52.552032612200605, 13.465689924366766","72,74E,70,74",,Ost
Lindenberg,bus,"52.602597712625055, 13.5250306401055",AL,,Ost
Lutherplatz,bus,"52.39011694014624, 13.089836574530883","S-Bhf. Grünau <> Potsdam, Bassinplatz (VEB Potsdam-Babelsberg)",,Ost
Luxemburgplatz,u-bahn,"52.528333333333,13.410277777778",A,Q658790,Ost
Magdalenenstr.,u-bahn,"52.5125,13.486388888889",E,Q473901,Ost
Mahlow,s-bahn,"52.3602,13.4085",KBS 105,Q2641431,Ost
Mahlsdorf,s-bahn,"52.5121,13.6106",KBS 101,Q800484,Ost
Mahlsdorf-Süd,strassenbahn,"52.4741663,13.5991443",83,Q66368466,Ost
"Mahlsdorf-Süd, Hubertus",strassenbahn,"52.4741663,13.5991443","86,82",Q66368466,Ost
"Malchow, Dorfstrasse",bus,"52.580462270708544, 13.482797576255583","AL,A46",,Ost
Malchower Weg,bus,"52.56152031238405, 13.500485897507804",A46,,Ost
Marchlewskistr.,u-bahn,"52.516794444444,13.444991666667",E,Q551768,Ost
Markgrafendamm,bus,"52.49919969372071, 13.465742293248686",A82P,,Ost
Marktplatz Adlershof,strassenbahn,"52.43822, 13.548937",84,Q66363717,Ost
Marx-Engels-Platz,bus,"52.51617617310524, 13.400937413635054","A57,A9",,Ost
Marx-Engels-Platz,s-bahn,"52.5226,13.4022","KBS 101,KBS 103,KBS 102",Q689312,Ost
"Marzahn, Berliner Chaussee",bus,"52.54469782123951, 13.564560329042491",A43,,Ost
Marzahner Chaussee,bus,"52.53978688562053, 13.53943029431785",O37,,Ost
Molkenmarkt,strassenbahn,"52.51679321421663, 13.409330619020574","72,74E,74",,Ost
Märkisches Museum,u-bahn,"52.511944444444,13.408888888889",A,Q657871,Ost
Müggelheim,bus,"52.41018331064196, 13.665897531850348",A27,,Ost
Müggelseeperle,bus,"52.42170168937569, 13.640893083169368",A27,,Ost
Neu-Lindenberg,bus,"52.600885625411856, 13.554794085696633",AL,,Ost
Neuenhagen (b Bln),s-bahn,"52.5208,13.7003",KBS 101,Q7001614,Ost
"Niederschönhausen, Schillerstrasse",strassenbahn,"52.5923051,13.41088",46,Q65032581,Ost
Nordend,bus,"52.59006569360479, 13.401740566033476",A7,,Ost
Nordend,strassenbahn,"52.5902104,13.4027524",46,Q65032696,Ost
Nordendstrasse,strassenbahn,"52.588534,13.3882952",22,Q65428345,Ost
Nöldnerplatz,s-bahn,"52.5038,13.4853",KBS 101,Q4892447,Ost
Oberspree,s-bahn,"52.4525,13.5382",KBS 103a,Q15192700,Ost
"Oberspree, Bruno-Bürgel-Weg",strassenbahn,"52.452777014581045, 13.537124836409932",92,,Ost
Oranienburg,s-bahn,"52.7536,13.2496",KBS 104,Q2341669,Ost
Oranienburger Tor,bus,"52.52716314203455, 13.38710905184874","O40,A9",,Ost
Oranienburger Tor,strassenbahn,"52.5256031,13.3872745","46,70,11,1",Q65095375,Ost
Ossietzkyplatz,strassenbahn,"52.58100580136794, 13.404014807678767",46,,Ost
Ostbahnhof,bus,"52.50976670730252, 13.43372198235041","Flughafen Schönefeld <> Strausberger Platz,O40",,Ost
Ostbahnhof,s-bahn,"52.51,13.4347","KBS 101,KBS 103,KBS 102",Q111325075,Ost
Ostbahnhof,strassenbahn,"52.509107635417394, 13.43550619008533","82,1",,Ost
Ostkreuz,s-bahn,"52.5031,13.4689","KBS 103a,KBS 106,KBS 101,KBS 103,KBS 102",Q111251530,Ost
Pankow,s-bahn,"52.5667,13.4111",KBS 106,Q111273850,Ost
Pankow (Vinetastr.),u-bahn,"52.559166666667,13.413333333333",A,Q570906,Ost
"Pankow, Kirche",bus,"52.57124680898358, 13.410670715665145","A55,A45",,Ost
"Pankow, Kirche",strassenbahn,"52.5706452,13.4103115","49,22",Q65055066,Ost
"Pankow, Rathaus",bus,"52.56953908840178, 13.404186437171612","A55,A45,A7",,Ost
"Pankow, Rathaus",strassenbahn,"52.5694816,13.4038045",46,Q65055060,Ost
Pankow-Heinersdorf,s-bahn,"52.5780653,13.4295093",KBS 106,Q4892366,Ost
Parkstrasse,strassenbahn,"52.45876522318908, 13.53993545855609","95,82,87",,Ost
Pistoriusstrasse Ecke Klement-Gottwald-Allee,bus,"52.55009435565474, 13.45900710843341",A45,,Ost
Platz vor dem Neuen Tor,bus,"52.52921245715711, 13.378513556812177",A9,,Ost
Plänterwald,s-bahn,"52.4786,13.4733","KBS 103,KBS 103a, KBS 106","Q7205917, Q7205917",Ost
Potsdam,s-bahn,"52.3917,13.0667",KBS 102,Q647973,Ost
"Potsdam, Bassinplatz",bus,"52.40184658729142, 13.05866306072075","S-Bhf. Grünau <> Potsdam, Bassinplatz (VEB Potsdam-Babelsberg)",,Ost
Prenzlauer Allee,s-bahn,"52.544775,13.426116",KBS 106,Q32661483,Ost
Prenzlauer Allee,strassenbahn,"52.5396522,13.4244789","13,4",Q65222180,Ost
Prenzlauer Allee Ecke Wisbyer Strasse,strassenbahn,"52.551183836372815, 13.43013561837268",71,,Ost
Prenzlauer Promenade,strassenbahn,"52.55155536618067, 13.43032253030515","72,3,70",,Ost
Prenzlauer Promenade (Spitze),bus,"52.5516751737526, 13.430326005865055",A56,,Ost
Prenzlauer Promenade (Spitze),bus,"52.55169017006126, 13.430288457592285",A42,,Ost
Prenzlauer Promenade Ecke Granitzstrasse,bus,"52.572092016203484, 13.42875772052513",A55,,Ost
Prenzlauer Promenade Ecke Kissingenstrasse,bus,"52.56795804833996, 13.427734373319213",A45,,Ost
Prenzlauer Tor,bus,"52.52709114016772, 13.415809370320808",O40,,Ost
Prenzlauer Tor,strassenbahn,"52.52709114016772, 13.415809370320808",71,,Ost
Proskauer Ecke Dolziger Strasse,bus,"52.519874079766325, 13.463289228834057",O30,,Ost
Rahnsdorf,s-bahn,"52.4516372,13.6899776",KBS 102,Q800489,Ost
Rahnsdorf,strassenbahn,"52.443531694444445,13.685038",87,Q66361311,Ost
Rangsdorf,s-bahn,"52.294444,13.430278",KBS 105,Q801345,Ost
Rathaus Lichtenberg,strassenbahn,"52.5156658,13.4788562",3,Q65948511,Ost
Rathaus Mahlsdorf,strassenbahn,"52.498612959213915, 13.613308788396854",83,,Ost
Reifenwerk,bus,"52.37807918338377, 13.64006281458021",Schmöckwitz<>Ziegenhals (VEB Kraftverkehr Schöneiche-Rüdersdorf),,Ost
Rennbahnstrasse Ecke Gustav-Adolf-Strasse,bus,"52.56218648050474, 13.454267038723398",A56,,Ost
Richtershorn,strassenbahn,"52.40105,13.6248473",86,Q66481215,Ost
Ridbacher Strasse,bus,"52.527457204488485, 13.606447755554132",A49,,Ost
Robert-Koch-Platz,bus,"52.527570508835595, 13.37877230286134","O40,A57",,Ost
Roederplatz,bus,"52.52671388514014, 13.479662353432392",O30,,Ost
Roederplatz,strassenbahn,"52.5266001,13.479068",3,Q65685373,Ost
Rosenthaler Platz,bus,"52.5296729549826, 13.401428926082492",O40,,Ost
Rosenthaler Platz,strassenbahn,"52.5301769,13.4016121","22,11,1, 49","Q65093945, Q65093945",Ost
Rosenthalerweg,strassenbahn,"52.60625636987162, 13.420087684676252",49,,Ost
Rummelsburg,s-bahn,"52.501244,13.478545",KBS 102,Q15107132,Ost
Röntgental,s-bahn,"52.6487,13.5136",KBS 106,Q801386,Ost
S-Bhf. Adlershof,strassenbahn,"52.435251,13.5408489",84,Q66363728,Ost
S-Bhf. Alexanderplatz,bus,"52.52074877770386, 13.412147230655155","O30,A57,A9",,Ost
S-Bhf. Baumschulenweg,bus,"52.4674967534767, 13.489379882069517",A47,,Ost
S-Bhf. Baumschulenweg,strassenbahn,"52.467425320387854, 13.489303343986984","95,95P",,Ost
S-Bhf. Biesdorf,bus,"52.513432593832405, 13.555387279249894",O37,,Ost
S-Bhf. Friedrichsfelde-Ost,bus,"52.51324537165634, 13.524030584354616",A43,,Ost
S-Bhf. Greifswalder Strasse,strassenbahn,"52.5407234,13.4382904","74E,74",Q65548932,Ost
S-Bhf. Grünau,bus,"52.41361515857581, 13.573796290663196","AD/36,A38,AZ,S-Bhf. Grünau <> Potsdam, Bassinplatz (VEB Potsdam-Babelsberg)",,Ost
S-Bhf. Grünau,strassenbahn,"52.413493,13.5746802",86,Q62470512,Ost
S-Bhf. Jannowitzbrücke,strassenbahn,"52.51478599600389, 13.418056238742702","64,11,82",,Ost
S-Bhf. Karlshorst,strassenbahn,"52.481331,13.5254433",69,Q65952829,Ost
"S-Bhf. Kaulsdorf, Planitzstrasse",bus,"52.51113864301491, 13.58755467300039",A27,,Ost
S-Bhf. Köpenick,bus,"52.45882190200453, 13.579564677172508",A27,,Ost
S-Bhf. Köpenick,strassenbahn,"52.4582153,13.5790435","83,86,82",Q66370784,Ost
S-Bhf. Mahlsdorf,bus,"52.51234908870327, 13.61221793610957","A44,A44E",,Ost
S-Bhf. Mahlsdorf,strassenbahn,"52.51221826761895, 13.612190748726157",83,,Ost
S-Bhf. Ostkreuz,strassenbahn,"52.50243021718411, 13.469020052690205",82,,Ost
S-Bhf. Pankow,bus,"52.56742037379333, 13.412250129587665",A55,,Ost
S-Bhf. Pankow,strassenbahn,"52.5675692,13.4121641","46,49,22",Q65055075,Ost
S-Bhf. Pankow-Heinersdorf,strassenbahn,"52.577507820515834, 13.427853061920917",49,,Ost
S-Bhf. Plänterwald,strassenbahn,"52.479645467025435, 13.47567729609248","92,87",,Ost
S-Bhf. Prenzlauer Allee,strassenbahn,"52.5448075,13.427408","72,71",Q65219791,Ost
S-Bhf. Rummelsburg,bus,"52.50179539105723, 13.478028581044718",O30,,Ost
S-Bhf. Schönhauser Allee,strassenbahn,"52.5493619,13.4135734","46,49,22",Q65088013,Ost
S-Bhf. Spindlersfeld,strassenbahn,"52.4457311,13.5624298",84,Q66363397,Ost
"S-Bhf. Tremptower Park, Elsenstrasse",strassenbahn,"52.492615970665746, 13.458843309612345",92,,Ost
S-Bhf. Treptower Park,bus,"52.49403640886682, 13.460762565516704",A47,,Ost
S-Bhf. Wilhelmshagen,bus,"52.43886122089184, 13.721060252199655",A22,,Ost
SaarBrücker Strasse,strassenbahn,"52.5285309565747, 13.417113687314579","72,71",,Ost
Sadowastrasse,bus,"52.482675472271694, 13.584833068425244","A8,A8E",,Ost
Samariterstr.,u-bahn,"52.514722222222,13.464444444444",E,Q552891,Ost
Scharnhorststrasse,bus,"52.530048717863, 13.374421833191816",A57,,Ost
Scharnhorststrasse Ecke Kieler Strasse,bus,"52.534358722624745, 13.370310836134667",A9,,Ost
"Schildow, Kirche",bus,"52.63581867397586, 13.377719168374458",A7,,Ost
Schillingstr.,u-bahn,"52.520278,13.421667",E,Q552899,Ost
Schumannstrasse Ecke Luisenstrasse,bus,"52.52350700053633, 13.379478600060418",A57,,Ost
"Schönefeld, Siedlung",bus,"52.38835097546488, 13.564205018328355","AD/36,AZ",,Ost
Schöneweide,s-bahn,"52.455,13.509444444444","KBS 103,KBS 103a,KBS 100a,KBS 106",Q111323931,Ost
Schönhauser Allee,s-bahn,"52.549329,13.413706",KBS 106,Q111264493,Ost
Schönhauser Allee,u-bahn,"52.549328888889,13.413706111111",A,Q47014936,Ost
Schönhauser Allee Ecke Bornholmer Strasse,strassenbahn,"52.5537705,13.4138898",3,Q65076842,Ost
Schüßlerplatz,strassenbahn,"52.44553303566032, 13.576935078888754",84,,Ost
Seelenbinderstrasse,strassenbahn,"52.4554632,13.5769303","83,84,86,82",Q66324934,Ost
Seelenbinderstrasse Ecke Bahnhofstrasse,strassenbahn,"52.4554632,13.5769303",87,Q66324934,Ost
Selchow,bus,"52.35758122167604, 13.471955883887944","AZ,S-Bhf. Grünau <> Potsdam, Bassinplatz (VEB Potsdam-Babelsberg)",,Ost
Senefelderplatz,u-bahn,"52.53242,13.412743",A,Q32661454,Ost
Spindlersfeld,s-bahn,"52.4472,13.5613",KBS 103a,Q4892371,Ost
Spittelmarkt,strassenbahn,"52.511243321361405, 13.40494539543245","64,72,74E,74",,Ost
Spittelmarkt,u-bahn,"52.511111111111,13.403611111111",A,Q569489,Ost
Stadion Buschallee,strassenbahn,"52.5566718,13.4869834",70,Q65504715,Ost
Stadtmitte,u-bahn,"52.5122,13.3894",A,Q660066,Ost
"Stahnsdorf, Waldschänke",bus,"52.39345447478086, 13.210302944499475","S-Bhf. Grünau <> Potsdam, Bassinplatz (VEB Potsdam-Babelsberg)",,Ost
Stalinallee,bus,"52.51715128685504, 13.440640767102789",O40,,Ost
Stalinallee,s-bahn,"52.514166666667,13.474722222222","KBS 103a,KBS 106",Q111250033,Ost
Stalinallee (Ringbahn),u-bahn,"52.514166666667,13.474722222222",E,Q552872,Ost
Sterndamm,bus,"52.44658674940087, 13.506534865142585",A47,,Ost
Steuerhaus,bus,"52.530493,13.4614989",O37,,Ost
Steuerhaus,strassenbahn,"52.530493,13.4614989","64,63",Q65553632,Ost
Stralauer Allee Ecke Markgrafendamm,strassenbahn,"52.49740745019046, 13.46463650693144",82,,Ost
Strasse 78,bus,"52.614646041574915, 13.484873269723556",A42,,Ost
Strasse nach Wartenberg,bus,"52.56866269126953, 13.520582099858125",A46,,Ost
Strausberg,s-bahn,"52.531933,13.836933","KBS 101,KBS 101c",Q7622326,Ost
Strausberg Nord,s-bahn,"52.5902,13.9084",KBS 101c,Q7622324,Ost
Strausberg Stadt,s-bahn,"52.5766,13.8878",KBS 101c,Q7622325,Ost
Strausberger Platz,bus,"52.51805139047903, 13.431938093018077",Flughafen Schönefeld <> Strausberger Platz,,Ost
Strausberger Platz,u-bahn,"52.518055555556,13.430833333333",E,Q570999,Ost
Taubenstrasse,strassenbahn,"52.51306493755938, 13.391398735901545",72,,Ost
Tierpark Berlin,strassenbahn,"52.50297204519277, 13.520916474066839",69,,Ost
"Treptow, Rathaus",bus,"52.48358899866382, 13.480324760498638",A47,,Ost
Treptower Park,s-bahn,"52.4938,13.4618","KBS 103,KBS 103a,KBS 106",Q559274,Ost
U-Bhf. Dimitroffstrasse,strassenbahn,"52.5401928,13.4113979","70,49,22,4,46,13",Q65088313,Ost
U-Bhf. Friedrichsfelde,bus,"52.50624112361932, 13.512853060220209","A43,A8,A8E",,Ost
U-Bhf. Strausberger Platz,strassenbahn,"52.51808306742478, 13.432938339097822",1,,Ost
U-Bhf. Vinetastrasse,bus,"52.55981894046453, 13.413208628380339",A7,,Ost
U-Bhf. Vinetastrasse,strassenbahn,"52.5596168,13.413232","46,49,22",Q65075426,Ost
Uckermarkstrasse,bus,"52.52145144349922, 13.596724604247981",A49,,Ost
Ulmenstrasse,bus,"52.48730877811447, 13.574932033917504",A27,,Ost
VEB Bautransporte,bus,"52.44295541604966, 13.519519091051876",A26,,Ost
VEB Schiffswerft,strassenbahn,"52.42547977761138, 13.586220039541647",83,,Ost
Velten (Mark),s-bahn,"52.685,13.172222",KBS 105,Q19274518,Ost
"Waldesruh, Malhlsdorfer Allee",bus,"52.48493120102871, 13.629069441163518",A8,,Ost
Waldschänke,bus,"52.443318139967566, 13.68593963431219",A22,,Ost
Walterdorfer Chaussee (Spinne),bus,"52.41568773699451, 13.496540075011389","S-Bhf. Grünau <> Potsdam, Bassinplatz (VEB Potsdam-Babelsberg)",,Ost
Waltersdorf,bus,"52.36492901110609, 13.555712408051676",A38,,Ost
Waltersdorfer Chaussee (Spinne),bus,"52.392853002264665, 13.522677096747554",AD/36,,Ost
Waltersforder Chaussee (Spinne),bus,"52.392853002264665, 13.522677096747554",AZ,,Ost
Warschauer Brücke,strassenbahn,"52.506746741445006, 13.449684491939852","3,4",,Ost
Warschauer Str.,s-bahn,"52.506416666667,13.450955555556","KBS 101,KBS 103,KBS 102",Q111252298,Ost
Warschauer Strasse,bus,"52.512432267445355, 13.452598837307189",O30,,Ost
Warschauer Strasse,strassenbahn,"52.50502,13.44863","3,4,82",Q63490275,Ost
"Wartenberg, Dorfstrasse",bus,"52.57484089632958, 13.518020972979759",A39,,Ost
"Wartenberg, Siedlung",bus,"52.58393195902164, 13.53076033685478",A39,,Ost
Wasserwerk,strassenbahn,"52.4560563,13.6419956",87,Q66362601,Ost
"Waßmannsdorf, Warteh.",bus,"52.37269773285082, 13.465032652682668",AZ,,Ost
"Weißensee, Nüßlerstrasse",bus,"52.56398537909407, 13.469733771213992",A56,,Ost
"Weißensee, Pasedagplatz",strassenbahn,"52.5594027,13.4609594","72, 74","Q65954665, Q65954665",Ost
"Weißensee, Schwarzelfenweg",bus,"52.56729838338304, 13.46535452978551",A45,,Ost
Weißenseer Weg,bus,"52.53305919668049, 13.476252837088406",O37,,Ost
Weißenseer Weg,strassenbahn,"52.532258,13.476705","64,63",Q65942700,Ost
Wendenschloß Ecke Ekhofstrasse,strassenbahn,"52.41633000736971, 13.589690772826726",83,,Ost
Wildau,s-bahn,"52.32,13.634",KBS 103,Q8000974,Ost
Wilhelminenhof- Ecke Edisonstrasse,strassenbahn,"52.4619496,13.5139049","82, 87","Q65951882, Q65951882",Ost
Wilhelminenhofstrasse,strassenbahn,"52.460837970970566, 13.521054382869073",69,,Ost
Wilhelmshagen,s-bahn,"52.4386,13.7222",KBS 102,Q800494,Ost
"Wilhelmsruh, Fontanestrasse",bus,"52.58985938767378, 13.361193570257216","A55,A45",,Ost
Wongrowitzer Strasse,bus,"52.46658608823203, 13.584839227863949",A27,,Ost
Wuhlheide,s-bahn,"52.4689,13.5533",KBS 102,Q800514,Ost
Zentralschule,bus,"52.43465069286089, 13.703692212644038",A22,,Ost
Zentralviehhof,s-bahn,"52.5238,13.4644","KBS 103a,KBS 106",Q800512,Ost
Zepernick (b Bernau),s-bahn,"52.6598,13.5342",KBS 106,Q801657,Ost
Zeuthen,s-bahn,"52.3486,13.6274",KBS 103,Q8069824,Ost
"Ziegenhals, VA Dienststelle",bus,"52.3470916280972, 13.664196000865504",Schmöckwitz<>Ziegenhals (VEB Kraftverkehr Schöneiche-Rüdersdorf),,Ost
