Column,stop_name,type,in_lines,location,identifier,previous_in_lines,stop_description
0,Adlershof,s-bahn,"['KBS 100a', 'KBS 100c']","52.434722222222,13.541388888889",Q323551,"['KBS 100a', 'KBS 103']+ ['KBS 100a', 'KBS 103']+ KBS 103,KBS 100a+ KBS 103,KBS 100a,KBS 106+ KBS 106a,KBS 103,KBS 103a",nan+ nan+ Berlin-Adlershof station+ Berlin-Adlershof station+ Berlin-Adlershof station
1,Akazienallee,bus,['D'],"52.47849809201335, 13.607179083668733",,,
2,Alexanderplatz,bus,"['1', '9']","52.52005246558073, 13.413957243449447",,,
3,Alexanderplatz,s-bahn,"['KBS 101', 'KBS 100c']","52.521388888889,13.411944444444",Q111324700,"['KBS 101', 'KBS 103', 'KBS 102']+ ['KBS 102', 'KBS 101', 'KBS 103']+ KBS 102,KBS 103,KBS 101+ KBS 101,KBS 103,KBS 102+ KBS 101,KBS 102,KBS 103,KBS 103a,KBS 104",nan+ nan+ S-Bahnhof Berlin Alexanderplatz+ S-Bahnhof Berlin Alexanderplatz+ S-Bahnhof Berlin Alexanderplatz
4,Alexanderplatz,strassenbahn,"['72', '64', '73', '65', '60']","52.5219449,13.4143847",Q65548996,['1'],nan
5,Alexanderplatz,u-bahn,"['E', 'A', 'D']","52.5214,13.4119",Q17173458,"['A I', 'D', 'E']+ ['D', 'E', 'A I']+ E,D,A I,A II+ A,E+ A,E",nan+ nan+ Alexanderplatz u-bahn station+ Alexanderplatz u-bahn station+ Alexanderplatz u-bahn station
6,Alexanderstrasse,bus,['1'],"52.51778540833277, 13.418077932963259",,,
7,Schicklerstrasse Ecke Alexanderstrasse,strassenbahn,['82'],"52.51551722524566, 13.418231396470526",,,
8,Alt-Biesdorf,bus,['H'],"52.508805788386496, 13.558724778261455",,,
9,Alt-Friedrichsfelde,bus,"['H', '1']","52.51072943298707, 13.504877027235766",,,
10,Alt-Friedrichsfelde,strassenbahn,['69'],"52.50914093654053, 13.518129930582422",,69E,nan
11,Alt-Kaulsdorf,bus,['H'],"52.50517404169193, 13.581539359412261",,,
12,Alt-Moabit,strassenbahn,['21'],"52.522953428732706, 13.363110996619637",,,
13,Alt-Pichelsdorf,strassenbahn,['75'],"52.512205003004254, 13.20098769648865",,,
14,Am Schlesischen Bahnhof,bus,['1'],"52.511300751384205, 13.434689302904747",,,
15,Am Schlesischen Bahnhof,strassenbahn,['82'],"52.50992342587209, 13.433401993102558",,,
16,Am Treptower Park,strassenbahn,['87'],"52.49174753133871, 13.457760339630582",,,
17,An der Wuhlheide,strassenbahn,"['87', '95']","52.4558167657369, 13.558133104178587",,,
18,Anhalter Bahnhof,s-bahn,"['KBS 105a', 'KBS 103', 'KBS 104a']","52.503055555556,13.381944444444",Q111324573,"['KBS 105', 'KBS 104', 'KBS 105b', 'KBS 106']+ ['KBS 106', 'KBS 105', 'KBS 104']+ KBS 106,KBS 105,KBS 104+ KBS 104,KBS 105,KBS 106+ KBS 100d,KBS 100c,KBS 100e",nan+ nan+ S-Bahnhof Berlin Anhalter Bahnhof+ S-Bahnhof Berlin Anhalter Bahnhof+ S-Bahnhof Berlin Anhalter Bahnhof
19,Anhalter Bahnhof,strassenbahn,['1'],"52.50453275122, 13.382326534592197",,['88']+ ['88']+ 88,nan+ nan+ Anhalter Bahnhof
20,Anhalter Bhf.,strassenbahn,['21'],"52.50449054956299, 13.382289924849571",,"['76', '21']",nan
21,Attilaplatz,strassenbahn,"['96', '99']","52.455498340147045, 13.375619638525905",,"['95', '96']+ ['95', '96']+ 95,96+ 96+ 96",nan+ nan+ Attilaplatz+ Attilaplatz+ Attilaplatz
22,Attilastrasse,strassenbahn,['96'],"52.44680180814698, 13.360708029669821",,,
23,Babelsberg,s-bahn,['KBS 101'],"52.3914,13.0928",Q801326,['KBS 102']+ ['KBS 102']+ KBS 102+ KBS 102,nan+ nan+ Potsdam-Babelsberg station+ Potsdam-Babelsberg station
25,Badstrasse Ecke Pankstrasse,strassenbahn,"['199', '24']","52.55227848989899, 13.381428333797949",,"['36', '23']",nan
26,Badstrasse Ecke Pankstrassse,strassenbahn,"['28', '128', '41', '141']","52.5523075512431, 13.381391516100862",,,
27,Badstrassse,strassenbahn,"['28', '128', '41', '141']","52.54862880712163, 13.387940970243234",,,
28,Baerwaldstrasse Ecke Gneisenaustrasse,strassenbahn,['99'],"52.490331369885155, 13.400299112902015",,,
29,Bahnhof Mahlsdorf,bus,['H'],"52.512509114258, 13.612231040399239",,,
30,Bahnhof Schöneweide,strassenbahn,['91'],"52.45613201289592, 13.51033986454809",,,
31,Bahnhofstrasse,strassenbahn,"['83'] ; ['99']","52.40244986860125, 13.512704137216817 ; 52.38666976464739, 13.407955106521282",,47+ 47,Bahnhofstrasse+ Bahnhofstrasse
32,Bahnhofstrasse Ecke Lindenstrasse,strassenbahn,['83'],"52.4505094,13.572684",Q66095701,"['87']+ 82,87+ 82,87, 83,95,84,86+ 84,87","nan+ Bahnhofstraße/Lindenstraße+ Bahnhofstraße/Lindenstraße, Bahnhofstraße/Lindenstraße+ Bahnhofstraße/Lindenstraße+ Bahnhofstraße/Lindenstraße"
34,Baltenplatz,strassenbahn,"['65', '4']","52.519215,13.4525257",Q65706258,,
35,Baumschulenstrasse,strassenbahn,['95'],"52.460884119473235, 13.481278679734508",,"['91']+ ['92', '91']+ 92+ 95,92+ 92,95",nan+ nan+ Baumschulenstrasse Ecke Köpenicker Landstrasse+ Baumschulenstrasse Ecke Köpenicker Landstrasse+ Baumschulenstrasse Ecke Köpenicker Landstrasse
36,Baumschulenweg,s-bahn,"['KBS 100a', 'KBS 100c']","52.4675,13.489722",Q324336,"['KBS 100a', 'KBS 103']+ ['KBS 103a', 'KBS 100a', 'KBS 103']+ KBS 103,KBS 103a,KBS 100a+ KBS 103,KBS 103a,KBS 100a,KBS 106+ KBS 106a,KBS 106,KBS 103,KBS 103a",nan+ nan+ Berlin-Baumschulenweg station+ Berlin-Baumschulenweg station+ Berlin-Baumschulenweg station
37,Bayerischer Platz,strassenbahn,['3'],"52.48857550103818, 13.340030405284534",,"['60', '3']",nan
38,Bayerischer Platz,u-bahn,['B1'],"52.488333333333,13.340277777778",Q668574,['B I']+ ['B II']+ B III+ B III+ B I,nan+ nan+ Bayerischer Platz station+ Bayerischer Platz station+ Bayerischer Platz station
39,Bellevue,s-bahn,"['KBS 101', 'KBS 100c']","52.52,13.348055555556",Q374018,"['KBS 101', 'KBS 103', 'KBS 102']+ ['KBS 102', 'KBS 101', 'KBS 103']+ KBS 102,KBS 103,KBS 101+ KBS 101,KBS 102+ KBS 100h,KBS 100g",nan+ nan+ Berlin Bellevue station+ Berlin Bellevue station+ Berlin Bellevue station
40,"Köpenick, Bellevuestrasse",strassenbahn,['87'],"52.45511405449567, 13.592192332042357",,,
41,Bergstrasse,strassenbahn,['6'],"52.48084525434906, 13.435357975110138",,66+ 66,Bergstraße Ecke Thorwaldsenstraße+ Bergstraße Ecke Thorwaldsenstraße
42,Bergstrasse,u-bahn,['C'],"52.476111111111,13.439166666667",Q519494,,
43,Berliner Allee Ecke Lichtenberger strasse,strassenbahn,['8'],"52.55200136641885, 13.465720692557477",,,
45,"Berliner Allee, Antonplatz",strassenbahn,"['72', '60', '8']","52.5484803,13.4517416",Q65548849,,
46,Berliner Strasse Ecke Thielallee,bus,['5'],"52.44190329932344, 13.282795959916694",,"A60+ A53+ A11+ A2,AS2+ A60+ AS2",Berliner Strasse Ecke Blissestrasse +  Berliner Strasse Ecke Teltower Damm +  Königsberger Strasse Ecke Ostpreußdendamm +   Bundesallee Ecke Berliner Strasse+ Berliner Strasse Ecke Blissestrasse+ Bundesallee Ecke Berliner Strasse
48,Berliner Strasse Ecke Dorfstrasse,strassenbahn,['99'],"52.465924102673426, 13.38555668803175",,,
49,Berliner Strasse Ecke Humboldtstrasse,strassenbahn,['68'],"52.569293845351886, 13.329886404982428",,,
50,Berliner Strasse Ecke Kaiserallee,strassenbahn,['3'],"52.487339334357976, 13.3309375952067",,,
51,Berliner Strasse Ecke Scharnweberstrasse,strassenbahn,['68'],"52.56404993147306, 13.327860788039368",,,
52,Berliner Strasse Ecke Vinetastrasse,strassenbahn,"['49', '47']","52.55881651892184, 13.413474468962335",,,
53,Berliner Strasse Ecke Wilmersdorfer Strasse,strassenbahn,['3'],"52.51811270120716, 13.304464937779839",,,
54,Bernau,s-bahn,['KBS 103'],"52.6763,13.5931",Q479789,,
56,Bernauer Strasse,u-bahn,['D'],"52.5375,13.396666666667",Q689293,,
57,Bernauer Strasse Ecke Brunnenstrasse,strassenbahn,['4'],"52.5382797167537, 13.39603248653666",,,
58,Betriebsbahnhof Schöneweide,s-bahn,"['KBS 100a', 'KBS 100c']","52.44676,13.52391",Q4526101,"['KBS 100a', 'KBS 103']+ ['KBS 100a', 'KBS 103']+ KBS 103,KBS 100a+ KBS 103,KBS 100a,KBS 106+ KBS 106a,KBS 103,KBS 103a",nan+ nan+ Berlin-Johannisthal railway station+ Berlin-Johannisthal railway station+ Berlin-Johannisthal railway station
59,Beusselstr.,s-bahn,['KBS 100'],"52.534444444444,13.329166666667",Q323219,"['KBS 100']+ ['KBS 100', 'KBS 103a']+ KBS 100c,KBS 103a,KBS 100+ KBS 100+ KBS 100a,KBS 100",nan+ nan+ Berlin Beusselstraße station+ Berlin Beusselstraße station+ Berlin Beusselstraße station
61,Bhf. Baumschulenweg,strassenbahn,"['87', '95']","52.467479828977226, 13.48936207921958",,,
62,Bhf. Bornholmer Strasse,strassenbahn,['8'],"52.5548305,13.3962829",Q65676177,,
63,Bhf. Charlottenburg,strassenbahn,"['75', '62']","52.50508698198708, 13.303282689162542",,,
64,Bhf. Friedrichshagen,strassenbahn,['87'],"52.457326972958604, 13.625511399091163",,"['84', '87']",nan
65,Bhf. Friedrichstrasse,u-bahn,['C'],"52.520111111111,13.388305555556",Q3753274,,
66,Bhf. Grünau,strassenbahn,['86'],"52.413493,13.5746802",Q62470512,['86']+ ['86']+ 86,nan+ nan+ S-Bahnhof Grünau (tram stop)
67,Bhf. Halensee,strassenbahn,['76'],"52.49688327253505, 13.289515124907771",,"['76', '76E']",nan
68,Bhf. Heerstrasse,strassenbahn,['75'],"52.50857975740797, 13.258353900023156",,"['75']+ ['75']+ 76,75+ 75,76",nan+ nan+ Bhf. Heerstrasse+ Bhf. Heerstrasse
69,Bhf. Hermannstrasse,strassenbahn,['27'],"52.4678315178447, 13.431116763350932",,,
70,Bhf. Jungfernheide,strassenbahn,['55'],"52.53103413649224, 13.300559481238167",,"['35', '55']+ ['35', '55']+ 35,55+ 55",nan+ nan+ Bhf. Jungfernheide+ Bhf. Jungfernheide
71,Bhf. Kaulsdorf,bus,['H'],"52.511553392977326, 13.587295035057858",,['A27'],nan
72,Bhf. Köpenick,strassenbahn,['83'],"52.4582153,13.5790435",Q66370784,['86']+ 83,nan+ nan
73,Bhf. Landsberger Allee,strassenbahn,['69'],"52.52856288091548, 13.455758715053463",,,
74,Bhf. Lansberger Allee,strassenbahn,['64'],"52.52854013868831, 13.455680403774341",,,
75,Bhf. Lichtenberg,strassenbahn,['69'],"52.5123603,13.4977547",Q66013733,"['69']+ 69E,69+ 69+ 69,69E",nan+ S+U Lichtenberg/Siegfriedstraße+ S+U Lichtenberg/Siegfriedstraße+ S+U Lichtenberg/Siegfriedstraße
76,Bhf. Lichtenberg,u-bahn,['E'],"52.5106,13.4964",Q634247,,
77,Bhf. Lichtenrade,strassenbahn,['99'],"52.38669305818232, 13.39694576786419",,['99']+ ['99']+ 99,nan+ nan+ Bhf. Lichtenrade
78,Bhf. Mahlsdorf,strassenbahn,['83'],"52.51253960592773, 13.612269169915399",,,
79,Bhf. Mariendorf,strassenbahn,['96'],"52.447078310256, 13.361439800164863",,['96']+ 96+ 96,nan+ Bhf. Mariendorf+ Bhf. Mariendorf
80,Bhf. Neukölln,strassenbahn,['6'],"52.469429556071695, 13.441761396090287",,['15']+ 6,nan+ Bhf. Neukölln
81,Bhf. Nikolassee,bus,['17'],"52.43378197004219, 13.193152057415048",,['A3']+ ['A3']+ A3+ A3,nan+ nan+ Bhf. Nikolassee+ Bhf. Nikolassee
82,Bhf. Pankow-Heinersdorf,strassenbahn,['24'],"52.5777355,13.4281593",Q66195804,['24'],nan
83,Bhf. Papestrasse,strassenbahn,['6'],"52.474088737380455, 13.363804736501839",,"['60']+ 6,60+ 60",nan+ Bhf. Papestrasse+ Bhf. Papestrasse
84,Bhf. Prenzlauer Allee,strassenbahn,"['72', '73']","52.5448075,13.427408",Q65219791,,
85,Bhf. Schöneberg,strassenbahn,['6'],"52.479867391229774, 13.352797522353837",,,
86,Bhf. Schöneweide,strassenbahn,['95'],"52.45640818289644, 13.509916574756422",,"['92']+ ['69']+ 87,92,69E,69+ 95,69,92+ 85,69E,92,87,69,95",nan+ nan+ Bhf. Schöneweide+ Bhf. Schöneweide+ Bhf. Schöneweide
87,Bhf. Tempelhof,strassenbahn,['99'],"52.47106947231412, 13.385621239987778",,"['99', '96']+ ['99']",nan+ nan
88,Bhf. Wannsee,bus,['17'],"52.42151302311533, 13.17810256503659",,"['A3']+ ['A6', 'A51', 'A3']+ A6,A51,A3+ A3,A51,A6+ AS4,A3,A51,A6",nan+ nan+ Bhf. Wannsee+ Bhf. Wannsee+ Bhf. Wannsee
89,Bhf. Wedding,u-bahn,['C'],"52.5425,13.366111",Q4018733,,
90,Bhf. Weißensee,strassenbahn,['60'],"52.540767536231364, 13.438418814778837",,,
91,Biesdorf,s-bahn,['KBS 101'],"52.5131,13.5554",Q4892357,['KBS 101']+ ['KBS 101']+ KBS 101+ KBS 101+ KBS 101,nan+ nan+ Berlin-Biesdorf station+ Berlin-Biesdorf station+ Berlin-Biesdorf station
92,Biesdorf-Süd,bus,['D'],"52.49390691698614, 13.561942550423845",,,
93,Birkenwerder,s-bahn,['KBS 104'],"52.6885,13.2888",Q2343634,['KBS 104']+ ['KBS 104']+ KBS 104+ KBS 104+ KBS 104,nan+ nan+ Birkenwerder station+ Birkenwerder station+ Birkenwerder station
94,Bismarckplatz,strassenbahn,"['199', '47', '23']","52.57979168986186, 13.398319596978663",,"['23', '46']",nan
95,Bismarckstrasse,strassenbahn,['47'],"52.580570918026496, 13.401710070736616",,,
96,Blankenburg,s-bahn,['KBS 103'],"52.5915,13.4435",Q800469,"['KBS 106']+ ['KBS 106', 'KBS 100b']+ KBS 106,KBS 100b+ KBS 106+ KBS 104,KBS 106",nan+ nan+ Berlin-Blankenburg station+ Berlin-Blankenburg station+ Berlin-Blankenburg station
97,Boddinstrasse,u-bahn,['D'],"52.48,13.425277777778",Q819495,,
98,Borgsdorf,s-bahn,['KBS 104'],"52.7155,13.2764",Q4093486,['KBS 104']+ ['KBS 104']+ KBS 104+ KBS 104+ KBS 104,nan+ nan+ Borgsdorf station+ Borgsdorf station+ Borgsdorf station
99,Bornholmer Str.,s-bahn,"['KBS 104', 'KBS 105', 'KBS 103']","52.554287,13.397985",Q32662318,"['KBS 105', 'KBS 104', 'KBS 106']+ ['KBS 106', 'KBS 105', 'KBS 104']+ KBS 106,KBS 105,KBS 104",nan+ nan+ Berlin Bornholmer Straße station
100,Bornholmer Strasse,strassenbahn,['8'],"52.5537705,13.4138898",,49,nan
101,Bornholmer Strasse Ecke Schönhauser Allee,strassenbahn,['8'],"52.5537705,13.4138898",Q65076842,49,nan
102,Botanischer Garten,s-bahn,['KBS 104a'],"52.44806,13.30722",Q800498,['KBS 104']+ ['KBS 104']+ KBS 104+ KBS 104+ KBS 100e,nan+ nan+ Berlin Botanischer Garten station+ Berlin Botanischer Garten station+ Berlin Botanischer Garten station
103,Brandenburger Tor,bus,['9'],"52.51776764730101, 13.370281416321609",,A69,"Brandenburger Tor, John-Foster-Dulles-Allee"
104,Brandenburgische Strasse,strassenbahn,"['3', '62']","52.49361288861298, 13.310021855604777",,,
106,Breite Strasse Ecke Berliner Strasse,strassenbahn,"['49', '24', '47']","52.57099160012513, 13.40999970857956",,,
107,Breitenbachplatz,u-bahn,['A2'],"52.466388888889,13.308055555556",Q571339,"['A II']+ ['A II']+ B II,A II+ A II,B II+ A II",nan+ nan+ Breitenbachplatz metro station+ Breitenbachplatz metro station+ Breitenbachplatz metro station
109,"Britz, Rudower Strasse",strassenbahn,['147'],"52.44286829705947, 13.45615959331519",,,
110,Brunnenstrasse,strassenbahn,"['199', '28', '128', '41', '24', '141']","52.5324542,13.3974236",Q65691740,"46E,46,70+ 46,70+ 46,70",Brunnenstraße/Invalidenstraße+ Brunnenstraße/Invalidenstraße+ Brunnenstraße/Invalidenstraße
111,Buch,s-bahn,['KBS 103'],"52.6359,13.4917",Q4892359,['KBS 106']+ ['KBS 106']+ KBS 106+ KBS 106+ KBS 106,nan+ nan+ Berlin-Buch station+ Berlin-Buch station+ Berlin-Buch station
112,Buchholz,strassenbahn,"['49', '24']","52.619072064369824, 13.393383358408967",,['49'],nan
113,Buckow,strassenbahn,['27'],"52.42355261827082, 13.436838614074265",,,
114,"Buckow-Ost, Rudower Strasse",strassenbahn,['147'],"52.43428074617617, 13.469028794063673",,,
115,Buckower Ch.,s-bahn,['KBS 105a'],"52.4103,13.3829",Q800499,['KBS 105b']+ ['KBS 105']+ KBS 105+ KBS 105+ KBS 100c,nan+ nan+ Buckower Chaussee station+ Buckower Chaussee station+ Buckower Chaussee station
116,Buckower Chaussee,strassenbahn,['27'],"52.43210375221334, 13.435048135233718",,,
117,Bulgarische Strasse,strassenbahn,['91'],"52.48142358933512, 13.473067363351124",,"['92', '87']+ 92",nan+ Bulgarische Strasse Ecke Köpenicker Landstrasse
118,Buschkrug,strassenbahn,['147'],"52.452470895695484, 13.450748195174354",,"['47', '6']+ 6,47+ 47+ 47",nan+ Buschkrug+ Buschkrug+ Buschkrug
119,Börse,s-bahn,"['KBS 101', 'KBS 100c']","52.5226,13.4022",Q689312,,
120,Carl-Schurz-Strasse,strassenbahn,"['54', '75']","52.53759585854496, 13.203799788543511",,"53,54",Carl-Schurz-Strasse
122,Carolinenstrasse Ecke Conradshöher Chaussee,strassenbahn,['128'],"52.597963503369265, 13.275045981437504",,,
123,Carstennstrasse,strassenbahn,['77'],"52.432751581042794, 13.287050510011854",,,
124,Charlottenburg,s-bahn,"['KBS 101', 'KBS 100c']","52.504722222222,13.303333333333",Q111326217,"['KBS 101', 'KBS 103', 'KBS 102']+ ['KBS 102', 'KBS 101', 'KBS 103']+ KBS 102,KBS 103,KBS 101+ KBS 101,KBS 102+ KBS 100h,KBS 100g,KBS 100k",nan+ nan+ S-Bahnhof Berlin Charlottenburg+ S-Bahnhof Berlin Charlottenburg+ S-Bahnhof Berlin Charlottenburg
125,"Charlottenburg, Knie",bus,['9'],"52.512535145950686, 13.321796492553819",,,
126,"Charlottenburg, Königin-Elisabeht-Strasse",strassenbahn,['62'],"52.518592490142176, 13.283070656683321",,,
127,Charlottenburger Chaussee,bus,['9'],"52.513938592229856, 13.350204275572693",,,
128,"Charlottenburger Chaussee, U-Bhf. Ruhleben",strassenbahn,['54'],"52.52600471402874, 13.241309892919059",,,
129,Chauseestrasse Ecke Blaschkoallee,strassenbahn,['27'],"52.452665402462785, 13.438541176798315",,,
130,Chausseestrasse,strassenbahn,"['1'] ; ['27'] ; ['99']","52.52716975261716, 13.387046161831702 ; 52.444151379426934, 13.433518263070448 ; 52.43937787982445, 13.387599101427494",,82,nan
131,Conradshöher Chaussee,strassenbahn,['28'],"52.58905755725733, 13.240889150790816",,,
132,Conradshöher Chaussee Ecke Carolinenstrasse,strassenbahn,['28'],"52.59789482528517, 13.275115353233018",,,
133,Dahlem-Dorf,u-bahn,['A2'],"52.456944444444,13.289444444444",Q668585,"['A II']+ ['A II']+ B II,A II+ A II,B II+ A II",nan+ nan+ Dahlem-Dorf+ Dahlem-Dorf+ Dahlem-Dorf
134,Dahlewitz,s-bahn,['KBS 105a'],"52.326389,13.419722",Q5208886,['KBS 105b']+ ['KBS 105']+ KBS 105+ KBS 105,nan+ nan+ Dahlewitz railway station+ Dahlewitz railway station
135,"Dahlwitz, Kol. Waldesruh",bus,['D'],"52.478269416919034, 13.62093701953678",,,
136,Dammbrücke,strassenbahn,"['83', '95']","52.44841874575463, 13.574648976218885",,,
137,Danziger Strasse,u-bahn,['A'],"52.541666666667, 13.412222222222",Q571382,,
138,Danziger Strasse Ecke Schönhauser Allee,strassenbahn,['4'],"52.54104742454958, 13.412165003566182",,,
139,Dorfstrasse,strassenbahn,['6'],"52.46605116645637, 13.37863626316366",,,
140,Dorfstrasse Ecke Berliner Strasse,strassenbahn,['6'],"52.46590130350415, 13.38556580514773",,,
141,Dorotheenstrasse,strassenbahn,['1'],"52.518718761338874, 13.388522669782862",,,
142,Dreilinden,s-bahn,['KBS 104a'],"52.40334210617422, 13.175963626814108",Q96473908,['KBS 104b']+ KBS 104b,nan+ Dreilinden station
143,Dönhoffplatz,bus,['1'],"52.51104121136219, 13.39862526380472",,,
144,Dönhoffplatz,strassenbahn,"['87', '74']","52.509950568117645, 13.398144081918815",,"['46', '73', '74']+ 64+ 64",nan+ nan+ nan
145,Eichbornstr.,s-bahn,['KBS 105'],"52.5776,13.3169",Q800500,['KBS 105']+ ['KBS 105']+ KBS 105+ KBS 105+ KBS 100c,nan+ nan+ Eichborndamm station+ Eichborndamm station+ Eichborndamm station
146,Eichkamp,s-bahn,['KBS 100c'],"52.4987,13.2702",Q800504,"['KBS 101', 'KBS 103']+ ['KBS 101', 'KBS 103']+ KBS 103,KBS 101+ KBS 101+ KBS 100g",nan+ nan+ Berlin Messe Süd railway station+ Berlin Messe Süd railway station+ Berlin Messe Süd railway station
147,Elbinger Strasse Ecke Lansberger Allee,strassenbahn,['4'],"52.5264128560996, 13.447642432361302",,,
148,Elbinger Strasse Ecke Prenzelauer Allee,strassenbahn,['4'],"52.5396522,13.4244789",Q65222180,,
149,Eldenaer Strasse,strassenbahn,['65'],"52.520416962203576, 13.473386263465185",,,
150,Erkstrasse,strassenbahn,['6'],"52.481710013190636, 13.440170901917053",,95,Erkstrasse Ecke Sonnenallee
151,Exerzierstrasse,strassenbahn,"['28', '128', '41', '141']","52.55374755712111, 13.377246753472674",,,
152,Fehrbelliner Platz,strassenbahn,"['3', '62']","52.49032472677901, 13.314317300484289",,"['60', '44', '3', '57']+ ['3', '60', '44']+ 60,44,3+ 60,3",nan+ nan+ Fehrbelliner Platz+ Fehrbelliner Platz
153,Fehrbelliner Platz,u-bahn,['A2'],"52.490277777778,13.314444444444",Q663245,"['A II']+ ['A II']+ B II,A II+ A II,B II+ A II",nan+ nan+ U-Fehrbelliner Platz+ U-Fehrbelliner Platz+ U-Fehrbelliner Platz
154,Fennstrasse,strassenbahn,['23'],"52.54108945864209, 13.368519561996605",,,
155,Feuerbachstr.,s-bahn,['KBS 104a'],"52.463611111111,13.332777777778",Q800501,['KBS 104']+ ['KBS 104']+ KBS 104+ KBS 104+ KBS 100e,nan+ nan+ Berlin Feuerbachstraße station+ Berlin Feuerbachstraße station+ Berlin Feuerbachstraße station
156,Flughafen,bus,['1'],"52.470965141866394, 13.385641462324475",,"A24,A19+ A19,A24+ A24,A19",Flughafen+ Flughafen+ Flughafen
157,Forkenbeckplatz,strassenbahn,['65'],"52.5201985,13.4585731",Q66044398,,
158,Frankfurter Allee,bus,['1'],"52.51348352208039, 13.476830323062508",,['A40'],nan
159,Frankfurter Allee,s-bahn,['KBS 100'],"52.514166666667,13.474722222222",Q111250033,"KBS 106a,KBS 104,KBS 106",nan
161,Frankfurter Allee,u-bahn,['E'],"52.513638888889,13.475694444444",Q3752007,,
162,Frankfurter Allee Ecke Gürtelstrasse,bus,['1'],"52.51348326435681, 13.476984666930822",,,
163,Frankfurter Allee Ecke Warschauer Strasse,bus,['1'],"52.5158293510385, 13.453999993701924",,,
164,Franz-Mehring-Strasse,bus,['1'],"52.49508128500466, 13.389323838894562",,,
166,Franz-Mehring-Strasse,u-bahn,['C'],"52.493888888889,13.388333333333",Q657905,,
167,Franz-Mehring-Strasse Ecke Gneisenaustrasse,strassenbahn,['99'],"52.49289753565708, 13.387758933826115",,,
168,Französische Strasse,u-bahn,['C'],"52.514722222222,13.389166666667",Q571479,,
169,Freybrücke,strassenbahn,['75'],"52.511784691779035, 13.203183873771536",,,
170,Friedenau,s-bahn,['KBS 104a'],"52.47,13.341",Q800471,['KBS 104']+ ['KBS 104']+ KBS 104+ KBS 104+ KBS 100e,nan+ nan+ Berlin-Friedenau station+ Berlin-Friedenau station+ Berlin-Friedenau station
171,"Friedenau, Friedrich-Wilhelm-Platz",strassenbahn,['77'],"52.471981070085796, 13.328404849316785",,,
172,"Friedenau, Rheinstrasse",strassenbahn,"['74', '77']","52.465007265543484, 13.32855730681896",,,
175,Friedrich-Karl-strasse,strassenbahn,['99'],"52.45582815857282, 13.383932790023245",,,
176,Friedrichsfelde,u-bahn,['E'],"52.506111111111,13.512777777778",Q429781,['E'],nan
177,Friedrichsfelde Ost,s-bahn,['KBS 101'],"52.5141,13.5198",Q800473,['KBS 101']+ ['KBS 101']+ KBS 101+ KBS 101+ KBS 101,nan+ nan+ Berlin-Friedrichsfelde Ost station+ Berlin-Friedrichsfelde Ost station+ Berlin-Friedrichsfelde Ost station
178,Friedrichstr.,s-bahn,"['KBS 101', 'KBS 100c', 'KBS 104a']","52.52027777777778,13.386944444444444",Q111219456,"['KBS 105', 'KBS 105b', 'KBS 106', 'KBS 101', 'KBS 104', 'KBS 103', 'KBS 102']+ ['KBS 105', 'KBS 104', 'KBS 106', 'KBS 102', 'KBS 101', 'KBS 103']+ KBS 104,KBS 106,KBS 103,KBS 102,KBS 101,KBS 105+ KBS 106,KBS 104,KBS 101,KBS 105,KBS 103,KBS 102+ KBS 100d,KBS 101,KBS 100g,KBS 100c,KBS 100h,KBS 102,KBS 103,KBS 103a,KBS 100e",nan+ nan+ S-Bahnhof Friedrichstraße+ S-Bahnhof Friedrichstraße+ S-Bahnhof Friedrichstraße
179,Friedrichstrasse,strassenbahn,"['1']","52.51986268004412, 13.388183618668693",,96,Friedrichstrasse Ecke Attilastrasse
180,Frohnau,s-bahn,['KBS 104'],"52.6325,13.2902",Q800472,['KBS 104']+ ['KBS 104']+ KBS 104+ KBS 106+ KBS 100e,nan+ nan+ Berlin-Frohnau station+ Berlin-Frohnau station+ Berlin-Frohnau station
181,Fruchtstrasse,bus,['1'],"52.5121233087592, 13.438416859495533",,,
182,Fürst-Bismarck-Strasse,strassenbahn,['21'],"52.52081005309171, 13.372234861490762",,,
183,Fürstenwalder Damm,strassenbahn,['87'],"52.4498638,13.661534",Q66361484,84+ 84,Fürstenwalder Damm/Müggelseedamm+ Fürstenwalder Damm/Müggelseedamm
184,Gardepionierplatz,strassenbahn,['3'],"52.48915625862438, 13.407771678016932",,,
185,Gardepionierplatz,u-bahn,['C'],"52.489444444444,13.407777777778",Q656081,,
186,Gartenfeld,s-bahn,['KBS 100b'],"52.54695,13.24882",Q96080469,"['KBS 100b']+ ['KBS 100d']+ KBS 100c,KBS 100d+ KBS 100c+ KBS 100b",nan+ nan+ Gartenfeld+ Gartenfeld+ Gartenfeld
187,Germaniastrasse,strassenbahn,['6'],"52.46053782557012, 13.418009045149528",,"26,15+ 15,26+ 15",Germaniastrasse+ Germaniastrasse+ Germaniastrasse
188,Gesundbrunnen,s-bahn,"['KBS 104', 'KBS 105', 'KBS 100', 'KBS 103']","52.548611111111,13.389444444444",Q111239092,"['KBS 105', 'KBS 104', 'KBS 106', 'KBS 100']+ ['KBS 100', 'KBS 105', 'KBS 103a', 'KBS 100c', 'KBS 104', 'KBS 106']+ KBS 104,KBS 106,KBS 100,KBS 100c,KBS 103a,KBS 105+ KBS 100,KBS 104,KBS 105,KBS 106+ KBS 100d,KBS 100,KBS 100a,KBS 100c,KBS 100e",nan+ nan+ S-Bahnhof Berlin-Gesundbrunnen+ S-Bahnhof Berlin-Gesundbrunnen+ S-Bahnhof Berlin-Gesundbrunnen
189,Gesundbrunnen,u-bahn,['D'],"52.548611,13.389444",Q3761416,['D']+ ['D']+ D+ D+ D,nan+ nan+ U-Bahnhof Gesundbrunnen+ U-Bahnhof Gesundbrunnen+ U-Bahnhof Gesundbrunnen
11919,"Brunnenstrasse, Gesundbrunnen",strassenbahn,"['24', '28', '128', '41', '141', '199']","52.54842580988483, 13.388018631243888",,,
190,Giesestrasse,bus,['H'],"52.516082749660676, 13.598007724215872",,,
191,Gleisdreieck,u-bahn,['A'],"52.49952,13.37409",Q678372,"['A I', 'B I', 'B II']+ ['B I', 'A I', 'A II']+ B II,A I,B I,A II+ A II,A I,B II,B I+ A I,A II",nan+ nan+ Gleisdreieck+ Gleisdreieck+ Gleisdreieck
192,Gneisenausstrasse,strassenbahn,['3'],"52.49118173025337, 13.396394305880412",,,
193,Gneisenaustrasse,u-bahn,['C'],"52.491388888889,13.395555555556",Q668618,,
194,Goebenstrasse,strassenbahn,['3'],"52.493927894212824, 13.36386105025039",,,
195,Goltzstrasse,strassenbahn,['3'],"52.48987556540933, 13.353165536219167",,,
196,Gottlieb-Dunkel-Strasse,strassenbahn,['6'],"52.46039602352925, 13.418101877605094",,6,Gottlieb-Dunkel-Strasse
197,Gotzkowskystrasse,strassenbahn,"['3', '55']","52.52567490695968, 13.330198327307098",,"25,44",Gotzkowskystrasse
198,Grabbeallee,strassenbahn,"['199', '47', '23']","52.57107235599751, 13.39822592061002",,,
199,Greifswalder Str.,s-bahn,['KBS 100'],"52.539722222222,13.439444444444",Q439246,"['KBS 100']+ ['KBS 100', 'KBS 103a', 'KBS 100c', 'KBS 100b']+ KBS 100,KBS 100c,KBS 103a,KBS 100b+ KBS 103a,KBS 106+ KBS 106a,KBS 104,KBS 106",nan+ nan+ Berlin Greifswalder Straße station+ Berlin Greifswalder Straße station+ Berlin Greifswalder Straße station
200,Greifswalder Strasse,strassenbahn,['60'],"52.5364975,13.4334045",Q65548960,"['13', '4']+ 4,13+ 13,4+ 4,13",nan+ Greifswalder Straße/Danziger Straße+ Greifswalder Straße/Danziger Straße+ Greifswalder Straße/Danziger Straße
201,Greifswalder Strasse Ecke Danziger Strasse,strassenbahn,['60'],"52.5364975,13.4334045",Q65548960,,
202,Grenadierstrasse,strassenbahn,['54'],"52.53233657156798, 13.20770038531928",,,
203,Grenzallee,u-bahn,['C'],"52.463333333333,13.443888888889",Q571836,['C I']+ ['C I']+ C I+ C I+ C I,nan+ nan+ Grenzallee+ Grenzallee+ Grenzallee
204,Griebnitzsee,s-bahn,['KBS 101'],"52.3944,13.1272",Q315133,['KBS 102']+ ['KBS 102']+ KBS 102+ KBS 102,nan+ nan+ Potsdam Griebnitzsee railway station+ Potsdam Griebnitzsee railway station
205,Großgörschenstr.,s-bahn,['KBS 104a'],"52.4922745,13.3678588",Q21776726,['KBS 104']+ ['KBS 104']+ KBS 104+ KBS 104+ KBS 100e,nan+ nan+ Yorckstraße (Großgörschenstraße) station+ Yorckstraße (Großgörschenstraße) station+ Yorckstraße (Großgörschenstraße) station
206,Grunewald,s-bahn,['KBS 101'],"52.4892,13.2614",Q457266,['KBS 102']+ ['KBS 102']+ KBS 102+ KBS 102+ KBS 100h,nan+ nan+ Berlin-Grunewald station+ Berlin-Grunewald station+ Berlin-Grunewald station
207,"Grunewald, Hubertusallee",strassenbahn,['75'],"52.4896134950935, 13.28467047123755",,,
208,Grunewaldstrasse,strassenbahn,"['54'] ; ['3']","52.530183742982004, 13.20472327952269 ; 52.489099571674906, 13.344928521367574",,"77,78+ 77,78",Grunewaldstrasse+ Grunewaldstrasse
209,Grünau,s-bahn,"['KBS 100a', 'KBS 100c']","52.4122,13.5746",Q111307258,"['KBS 100a', 'KBS 103']+ ['KBS 100a', 'KBS 103']+ KBS 103,KBS 100a+ KBS 103,KBS 100a,KBS 106+ KBS 103",nan+ nan+ S-Bahnhof Grünau+ S-Bahnhof Grünau+ S-Bahnhof Grünau
211,Gustav-Adolf-Strasse Ecke Langhansstrasse,strassenbahn,['8'],"52.5536867,13.4343757",Q65922653,,
212,Gustav-Adolf-Strasse Ecke Prenzlauer Allee,strassenbahn,['72'],"52.551709529197026, 13.430370964345377",,,
213,Görlitzer Bahnhof,u-bahn,['B'],"52.4992,13.428",Q597759,['B II'],nan
214,Gürtelstrasse Ecke Frankfurter Allee,strassenbahn,['8'],"52.5135267127755, 13.477083855609834",,,
215,Hackescher Markt,strassenbahn,['1'],"52.522700593509725, 13.401605863643521",Q65094590,"['69', '49', '65']+ ['49', '69']+ ['63']+ 69+ 69",nan+ nan+ nan+ Hackescher Markt+ nan
216,Hafenplatz,strassenbahn,"['54', '75']","52.542292547760184, 13.206201126048732",,"['54', '75']+ ['75', '54']+ 76,53,54,75+ 53,75,54,76+ 53,54,75,76,55",nan+ nan+ Hafenplatz+ Hafenplatz+ Hafenplatz
217,Hagenplatz,strassenbahn,['76'],"52.48338876739213, 13.26583142929224",,,
218,Hakenfelde,strassenbahn,['75'],"52.57886009874865, 13.210057800310379",,"['75']+ 53,75+ 53,75+ 53,75,55",nan+ Hakenfelde+ Hakenfelde+ Hakenfelde
219,Halensee,s-bahn,['KBS 100'],"52.4961,13.2906",Q800476,"['KBS 100']+ ['KBS 100', 'KBS 100a']+ KBS 100c,KBS 100+ KBS 100+ KBS 100,KBS 100k",nan+ nan+ Berlin-Halensee station+ Berlin-Halensee station+ Berlin-Halensee station
220,Halensee,strassenbahn,['75'],"52.4968906371703, 13.28953411069346",,,
221,Hallesches Tor,bus,['1'],"52.49794750808006, 13.391726405887525",,,
222,Hallesches Tor,u-bahn,"['B', 'C']","52.497777777778,13.391111111111",Q658302,"['B I', 'B II', 'C I']+ ['C I', 'B I', 'A II']+ C I,C II,B II,B I+ B I,A II,B II,C I+ A I,C I,A II",nan+ nan+ Hallesches Tor+ Hallesches Tor+ Hallesches Tor
223,"Haselhorst, Gartenfelder Strasse",strassenbahn,['55'],"52.54415774195884, 13.247126131065503",,,
225,Hauptstrasse Ecke Mühlenstrasse,strassenbahn,['74'],"52.48181232696976, 13.348271486759423",,,
226,Hauptstrasse Ecke Residenzstrasse,strassenbahn,['41'],"52.57425115897413, 13.359165566408976",,['41'],nan
227,Heerstr.,s-bahn,['KBS 100c'],"52.5086,13.2586",Q800502,"['KBS 101', 'KBS 103']+ ['KBS 101', 'KBS 103']+ KBS 103,KBS 101+ KBS 101+ KBS 100g",nan+ nan+ Berlin Heerstraße station+ Berlin Heerstraße station+ Berlin Heerstraße station
228,Heerstrasse,strassenbahn,['75'],"52.50679898205845, 13.228382146205346",,,
229,Heidelberger Platz,u-bahn,['A2'],"52.479808333333,13.313236111111",Q21777872,"['A II']+ ['A II']+ B II,A II+ A II,B II+ A II",nan+ nan+ Heidelberger Platz+ Heidelberger Platz+ Heidelberger Platz
230,Heiligensee,s-bahn,['KBS 105'],"52.6247,13.2292",Q800475,['KBS 105']+ ['KBS 105']+ KBS 105+ KBS 105+ KBS 100c,nan+ nan+ Heiligensee station+ Heiligensee station+ Heiligensee station
231,Heiligensee,strassenbahn,['128'],"52.611249613775165, 13.217475242109284",,,
232,Heinersdorf,strassenbahn,['73'],"52.5725511,13.4371063",Q65096052,,
233,Hennigsdorf,s-bahn,['KBS 105'],"52.638,13.2057",Q800909,KBS 105,Hennigsdorf station
234,Hermannplatz,strassenbahn,['95'],"52.487085572732276, 13.424752445258537",,"['3', '95', '26', '47']+ ['94', '2', '47', '95', '26']+ 95,26,2,47+ 3,95,47,27,26+ 95",nan+ nan+ Hermannplatz+ Hermannplatz+ Hermannplatz
235,Hermannplatz,u-bahn,"['D', 'C']","52.48629,13.42455",Q658929,"['D', 'C I']+ ['D', 'C I']+ C I,D+ D,C I+ D,C I",nan+ nan+ Hermannplatz+ Hermannplatz+ Hermannplatz
236,Hermannstr.,s-bahn,"['KBS 100a', 'KBS 100']","52.4675,13.431111111111",Q111263802,"['KBS 100a', 'KBS 100']+ ['KBS 100', 'KBS 100a']+ KBS 100,KBS 100a+ KBS 100a,KBS 100+ KBS 100,KBS 100k",nan+ nan+ S-Bahnhof Hermannstraße+ S-Bahnhof Hermannstraße+ S-Bahnhof Hermannstraße
237,Hermannstrasse,strassenbahn,['27'],"52.46476232618638, 13.432818109719008",,"26,15+ 15,26+ 15",Hermannstrasse+ Hermannstrasse+ Hermannstrasse
238,Hermannstrasse Ecke Leinestrasse,strassenbahn,['27'],"52.473415687320596, 13.42814231816192",,,
239,Hermsdorf,s-bahn,['KBS 104'],"52.6178,13.3069",Q263189,['KBS 104']+ ['KBS 104']+ KBS 104+ KBS 106+ KBS 100e,nan+ nan+ Berlin-Hermsdorf station+ Berlin-Hermsdorf station+ Berlin-Hermsdorf station
240,Herzbergstrasse,strassenbahn,['69'],"52.52637,13.499036",Q65684891,"69,69E",nan
241,Hindenburgdamm,strassenbahn,"['74', '77']","52.452688700382346, 13.319651956734402",,"77,78+ 77,78",Hindenburgdamm+ Hindenburgdamm
242,Hindenburgplatz,strassenbahn,"['21', '1']","52.516248900919734, 13.376820910193624",,,
243,Hohen-Neuendorf,s-bahn,['KBS 104'],"52.6684,13.287",Q4500489,,
244,"Hohenschönhausen, Degener Strasse",strassenbahn,['64'],"52.54490141528032, 13.494008455722605",,,
245,Hohenschönhauser Strasse,strassenbahn,['64'],"52.5359329,13.4729468",Q65553684,['3']+ 3+ 3,nan+ nan+ nan
246,Hohenschöpping,s-bahn,['KBS 105'],"52.67,13.1945",Q19274489,['KBS 105']+ ['KBS 105']+ KBS 105+ KBS 105+ KBS 104d,nan+ nan+ Bahnhof Hohenschöpping+ Bahnhof Hohenschöpping+ Bahnhof Hohenschöpping
247,Hohenzollerndamm,s-bahn,['KBS 100'],"52.4885,13.3004",Q800503,"['KBS 100']+ ['KBS 100', 'KBS 100a']+ KBS 100+ KBS 100+ KBS 100,KBS 100k",nan+ nan+ Berlin Hohenzollerndamm station+ Berlin Hohenzollerndamm station+ Berlin Hohenzollerndamm station
248,Hohenzollerndamm,strassenbahn,['62'],"52.48810038121649, 13.300864203881337",,,
249,Hohenzollernplatz,u-bahn,['A2'],"52.493888888889,13.325",Q571570,"['A II']+ ['A II']+ B II,A II+ A II,B II+ A II",nan+ nan+ Hohenzollernplatz+ Hohenzollernplatz+ Hohenzollernplatz
250,Holzmarkstrasse,bus,['1'],"52.51470310432635, 13.420502137148215",,,
252,Hubertusallee,strassenbahn,['76'],"52.49393097226469, 13.285088023116971",,,
253,Hultschiner Damm Ecke Alt-Mahlsdorf,strassenbahn,['83'],"52.504869219031704, 13.61340287328306",,,
254,Humboldthain,s-bahn,"['KBS 104', 'KBS 105', 'KBS 103']","52.5451,13.3796",Q481276,"['KBS 105', 'KBS 104', 'KBS 106']+ ['KBS 106', 'KBS 105', 'KBS 104']+ KBS 106,KBS 105,KBS 104+ KBS 104,KBS 105,KBS 106+ KBS 100d,KBS 100c,KBS 100e",nan+ nan+ Berlin Humboldthain station+ Berlin Humboldthain station+ Berlin Humboldthain station
255,Humboldtstrasse,strassenbahn,['41'],"52.57114181127418, 13.33691826709435",,,
256,Humboldtstrasse Ecke Berliner Strasse,strassenbahn,['41'],"52.56934226500555, 13.329932575290279",,,
259,Händelplatz,strassenbahn,['77'],"52.450279094879285, 13.315466784727654",,"['73', '74', '77', '78']+ ['77', '78']+ 73,77,78,74",nan+ nan+ nan
260,Hönow,bus,['H'],"52.54667360464534, 13.637391352821227",,,
261,Hönower Strasse,bus,['H'],"52.53004028967899, 13.626841841614464",,,
263,Innsbrucker Platz,s-bahn,['KBS 100'],"52.4786,13.3439",Q111263876,"['KBS 100a', 'KBS 100']+ ['KBS 100', 'KBS 100a']+ KBS 100,KBS 100a+ KBS 100a,KBS 100+ KBS 100,KBS 100k",nan+ nan+ S-Bahnhof Innsbrucker Platz+ S-Bahnhof Innsbrucker Platz+ S-Bahnhof Innsbrucker Platz
264,Innsbrucker Platz,strassenbahn,['74'],"52.47851767561872, 13.344017066649423",,"['88']+ ['74', '73', '88']+ ['66']+ 74,66,73,88+ 66,73,74",nan+ nan+ nan+ Innsbrucker Platz+ Innsbrucker Platz
265,Innsbrucker Platz,u-bahn,['B1'],"52.4786,13.3439",Q10275871,['B I']+ B I,nan+ nan
266,Invalidenstrasse,strassenbahn,['1'],"52.5324542,13.3974236",Q65691740,82,nan
268,Iranische Strasse Ecke Reinickendorfer Strasse,strassenbahn,"['28', '128']","52.55505275926564, 13.365961269070542",,,
269,Jannowitzbrücke,s-bahn,"['KBS 101', 'KBS 100c']","52.514822222222,13.41795",Q27955427,"['KBS 101', 'KBS 103', 'KBS 102']+ ['KBS 102', 'KBS 101'], ['KBS 103']+ KBS 102,KBS 103,KBS 101+ KBS 101,KBS 103,KBS 102+ KBS 101,KBS 102,KBS 103,KBS 103a,KBS 104",nan+ nan+ S-Jannowitzbrücke station+ S-Jannowitzbrücke station+ S-Jannowitzbrücke station
270,Jannowitzbrücke,strassenbahn,['82'],"52.515457420985356, 13.418089138640552",,,
271,Jannowitzbrücke,u-bahn,['D'],"52.515656,13.418185",Q27955418,['D']+ ['D']+ D,nan+ nan+ Jannowitzbrücke metro station
272,Jerusalemer Strasse,bus,['1'],"52.50710477957293, 13.398277044768834",,,
273,Joachimstaler Strasse,strassenbahn,['76'],"52.506165255073356, 13.332370644735395",,,
274,Joachimstaler Strasse Ecke Kurfürstendamm,strassenbahn,['77'],"52.50381697461937, 13.33130084073772",,,
275,Johannisthal,strassenbahn,['91'],"52.44125939829667, 13.500336959618494",,,
276,Jostystrasse,strassenbahn,['60'],"52.5260897953295, 13.417583280684354",,,
277,Jungfernheide,s-bahn,"['KBS 100b', 'KBS 100']","52.53035,13.299433333333",Q110977325,"['KBS 100b', 'KBS 100']+ ['KBS 100', 'KBS 103a', 'KBS 100d']+ KBS 100c,KBS 103a,KBS 100d,KBS 100+ KBS 103a,KBS 100c,KBS 100+ KBS 100a,KBS 100,KBS 100b",nan+ nan+ S-Bahnhof Jungfernheide+ S-Bahnhof Jungfernheide+ S-Bahnhof Jungfernheide
279,Kaiserallee Ecke Berliner Strasse,strassenbahn,['77'],"52.487334054837376, 13.331062759957598",,,
280,Kaiserallee Ecke Spichernstrasse,strassenbahn,['77'],"52.4959470039677, 13.330862745431165",,,
281,Kaiserdamm,strassenbahn,['75'],"52.50999107107441, 13.281861072383021",,,
282,Kaiserdamm,u-bahn,['A1'],"52.51,13.2822",Q656409,,
284,Kaiserin-Augusta-Allee Ecke Tauroggener Strasse,strassenbahn,['3'],"52.52584246725217, 13.301966640315474",,,
285,Kaiserin-Augusta-Allee Ecke Wiebestrasse,strassenbahn,['55'],"52.52580545289568, 13.317995895056958",,,
286,Kantstrasse,strassenbahn,"['75', '77', '62']","52.5066581876951, 13.306688471208883",,44,Kantstrasse
288,"Karlshorst, Treskowallee",strassenbahn,['69'],"52.47857308487424, 13.524470348260262",,['82'],nan
289,Karlshorster Chaussee,strassenbahn,['69'],"52.47736457956281, 13.523845173794296",,,
290,Karow,s-bahn,['KBS 103'],"52.615,13.4692",Q111324168,['KBS 106']+ ['KBS 106']+ KBS 106+ KBS 106+ KBS 106,nan+ nan+ S-Bahnhof Berlin Karow+ S-Bahnhof Berlin Karow+ S-Bahnhof Berlin Karow
291,Kaulsdorf,s-bahn,['KBS 101'],"52.5121,13.5904",Q800478,['KBS 101']+ ['KBS 101']+ KBS 101+ KBS 101+ KBS 101,nan+ nan+ Berlin-Kaulsdorf railway station+ Berlin-Kaulsdorf railway station+ Berlin-Kaulsdorf railway station
292,"Kaulsdorf-Süd, Zimmermannstrasse",bus,['D'],"52.48662646660428, 13.560368748996797",,,
293,Kirschallee,strassenbahn,['128'],"52.60258075932391, 13.238750616951076",,,
294,Kladow,Fähre,['Wannsee-Pichelsberg'],"52.45151498638808, 13.147961938847912",,['Wannsee<>Kladow (Betrieb durch Stern und Kreisschiffahrt)']+ ['Wannsee<>Kladow (Betrieb durch Stern und Kreisschiffahrt)']+ Wannsee<>Kladow (Betrieb durch Stern und Kreisschiffahrt)+ Wannsee<>Kladow (Betrieb durch Stern und Kreisschiffahrt),nan+ nan+ nan+ nan
295,Klosterstrasse Ecke Seeburgerstrasse,strassenbahn,['75'],"52.52912529066992, 13.195598561644342",,,
296,Klosterstrasse,u-bahn,['A'],"52.516111111111, 13.412222222222",Q657893,,
297,Knesebeckstrasse,strassenbahn,['6'],"52.4668944843566, 13.435710471027722",,,
298,Knie,u-bahn,['A1'],"52.511944444444,13.322222222222",Q658361,,
299,Kochstrasse,u-bahn,['C'],"52.505897222222,13.390611111111",Q201849,,
300,Kopenhagener Strasse,strassenbahn,['141'],"52.57425957923555, 13.359163922630154",,35,Kopenhagener Strasse
301,Kottbusser Tor,u-bahn,"['B', 'D']","52.499166666667,13.418055555556",Q819768,"['B II', 'D']+ ['D', 'B I', 'A II']+ B II,D,B I+ A II,D,B II,B I+ A I,A II,D",nan+ nan+ Kottbusser Tor station+ Kottbusser Tor station+ Kottbusser Tor station
302,Kraftwerk Klingenberg,strassenbahn,['13'],"52.4881374,13.4958685",Q66079524,"['13']+ ['13', '82']+ 13, 82+ 13,82","nan+ nan+ ,+ nan+ nan"
303,Kranoldplatz,strassenbahn,['96'],"52.42782085368502, 13.326575786308617",,96,nan
304,Krumme Lanke,u-bahn,['A2'],"52.443333333333,13.241388888889",Q663945,"['A II']+ ['A II']+ B II,A II+ A II,B II+ A II",nan+ nan+ Krumme Lanke metro station+ Krumme Lanke metro station+ Krumme Lanke metro station
305,Kurfürstendamm,strassenbahn,['76'],"52.50380281329171, 13.331297337700514",,"60,44,3",Kurfürstendamm
306,Kurfürstendamm Ecke Wilmersdorfer Strasse,strassenbahn,['76'],"52.49999422161237, 13.30705312471225",,,
307,Kurfürstenstrasse,u-bahn,['A'],"52.5,13.361944",Q690203,"['B I', 'B II']+ ['A II']+ A II",nan+ nan+ nan
308,Köllnische Heide,s-bahn,['KBS 100a'],"52.4694,13.4675",Q800505,['KBS 100a']+ ['KBS 100a']+ KBS 100a+ KBS 100a+ KBS 100k,nan+ nan+ Köllnische Heide station+ Köllnische Heide station+ Köllnische Heide station
309,Königsplatz,strassenbahn,['21'],"52.518581320085175, 13.37089835391381",,,
310,Königstrasse,bus,"['17', '9']","52.41987226002477, 13.175332944592043",,A6+ A6+ A6,Königstrasse Ecke Kronprinzessinnenweg+ Königstrasse Ecke Kronprinzessinnenweg+ Königstrasse Ecke Kronprinzessinnenweg
312,"Köpenick, Krankenhaus",bus,['27'],"52.43861200573594, 13.592411258792163",,['A27']+ A27+ A27+ A27,"nan+ Köpenick, Krankenhaus+ Köpenick, Krankenhaus+ Köpenick, Krankenhaus"
313,"Köpenick, Krankenhaus",strassenbahn,['95'],"52.4388396,13.5920763",Q66091900,['95']+ ['95']+ 95,nan+ nan+ Krankenhaus Köpenick/Südseite
315,"Köpenick, Marienhain über Wendenschloßstrasse",strassenbahn,['83'],"52.434229826688906, 13.582923617411431",,,
316,Köpenicker Chaussee,strassenbahn,['13'],"52.49227064042966, 13.49157012299555",,,
317,Köpenicker Landstrasse,strassenbahn,"['87', '95']","52.47976607269788, 13.475523898896808",,,
318,Köpenicker Landstrasse Ecke Baumschulenstrasse,strassenbahn,['91'],"52.46913201072182, 13.491340045687773",,['87']+ 87+ 87+ 87,nan+ Köpenicker Landstrasse Ecke Baumschulenstrasse+ Köpenicker Landstrasse Ecke Baumschulenstrasse+ Köpenicker Landstrasse Ecke Baumschulenstrasse
319,Köpenicker Strasse,strassenbahn,['87'],"52.505757518022115, 13.431947867729278",,"['84']+ 47,84+ 47,84",nan+ Köpenicker Strasse+ Köpenicker Strasse
320,Kürstriner Platz,bus,['1'],"52.5137005363457, 13.43784219276966",,,
321,Landsberger Allee,s-bahn,['KBS 100'],"52.5295,13.4548",Q800507,,
323,Landsberger Allee Ecke Elbinger Strasse,strassenbahn,"['64', '69']","52.5264128560996, 13.447642432361302",,,
325,Langhansstrasse,strassenbahn,['72'],"52.55363963048395, 13.434662465493163",,,
326,Lankwitz,s-bahn,['KBS 103'],"52.4386,13.3417",Q800481,['KBS 106']+ ['KBS 106']+ KBS 106+ KBS 106+ KBS 100d,nan+ nan+ Lankwitz station+ Lankwitz station+ Lankwitz station
327,"Lankwitz, Kaiser-Wilhelm-Strasse",strassenbahn,['96'],"52.436274378440025, 13.34576338993938",,,
329,Lehnitz,s-bahn,['KBS 104'],"52.7411,13.2635",Q4258498,['KBS 104']+ ['KBS 104']+ KBS 104+ KBS 104+ KBS 104,nan+ nan+ Lehnitz station+ Lehnitz station+ Lehnitz station
330,Lehrter Bhf.,strassenbahn,['21'],"52.52343504003177, 13.37053213445337",,['21'],nan
331,Lehrter Stadtbahnhof,s-bahn,"['KBS 101', 'KBS 100c']","52.5253,13.3694",Q821299,"['KBS 101', 'KBS 103', 'KBS 102']+ ['KBS 102', 'KBS 101', 'KBS 103']+ KBS 102,KBS 103,KBS 101+ KBS 101,KBS 102+ KBS 100h,KBS 100g",nan+ nan+ Berlin Lehrter Stadtbahnhof+ Berlin Lehrter Stadtbahnhof+ Berlin Lehrter Stadtbahnhof
332,Leinestrasse,u-bahn,['D'],"52.472777777778,13.428333333333",Q668563,,
334,Leipziger Strasse Ecke Friedrichstrasse,strassenbahn,['74'],"52.51034466260824, 13.389872790958105",,,
335,Leopoldplatz,u-bahn,['C'],"52.5465,13.3591",Q1960809,"['C I']+ ['C I']+ C I,C II+ C I+ G,C I",nan+ nan+ Leopoldplatz metro station+ Leopoldplatz metro station+ Leopoldplatz metro station
336,Lichtenberg,s-bahn,['KBS 101'],"52.5106,13.4964",Q634247,['KBS 101']+ ['KBS 101']+ KBS 101+ KBS 101+ KBS 101,nan+ nan+ Berlin-Lichtenberg station+ Berlin-Lichtenberg station+ Berlin-Lichtenberg station
337,"Lichtenberg, Röderplatz",strassenbahn,"['69', '8']","52.5266001,13.479068",Q65685373,,
338,"Lichtenberg, Scheffelstrasse",strassenbahn,['65'],"52.52052601665067, 13.474048782169525",,,
340,Lichtenrade,s-bahn,['KBS 105a'],"52.3876,13.3963",Q6543354,['KBS 105b']+ ['KBS 105']+ KBS 105+ KBS 105+ KBS 100c,nan+ nan+ Lichtenrade station+ Lichtenrade station+ Lichtenrade station
341,Lichtenrader Chaussee,strassenbahn,['99'],"52.4145416978014, 13.401163053986947",,,
342,Lichterfelde Ost,s-bahn,['KBS 103'],"52.43,13.3289",Q111311299,['KBS 106']+ ['KBS 106']+ KBS 106+ KBS 106+ KBS 100d,nan+ nan+ S-Bahnhof Berlin Lichterfelde-Ost+ S-Bahnhof Berlin Lichterfelde-Ost+ S-Bahnhof Berlin Lichterfelde-Ost
343,Lichterfelde Süd,s-bahn,['KBS 103'],"52.41,13.3086",Q800482,['KBS 106']+ ['KBS 106']+ KBS 106+ KBS 106+ KBS 100d,nan+ nan+ Lichterfelde Süd station+ Lichterfelde Süd station+ Lichterfelde Süd station
344,Lichterfelde West,s-bahn,['KBS 104a'],"52.4433,13.2947",Q111327103,['KBS 104']+ ['KBS 104']+ KBS 104+ KBS 104+ KBS 100e,nan+ nan+ S-Bahnhof Berlin Lichterfelde West+ S-Bahnhof Berlin Lichterfelde West+ S-Bahnhof Berlin Lichterfelde West
346,"Lichterfelde, Händelplatz",strassenbahn,['74'],"52.45002542534163, 13.315390504587368",,,
347,"Lichterfelde-Süde, Goerzallee Ecke Appenzeller Strasse",strassenbahn,['77'],"52.42193241925337, 13.298516174304284",,,
348,"Lichterfelde-West, Drakestrasse",strassenbahn,['77'],"52.44389237589557, 13.29571127058344",,,
351,Lindenstrasse,bus,['1'],"52.50113590948542, 13.394408948438224",,A1+ A1,Lindenstrasse Ecke Müllerstrasse+ Lindenstrasse Ecke Müllerstrasse
352,Lindenstrasse Ecke Bahnhofstrasse,strassenbahn,"['87', '95']","52.4505094,13.572684",Q66095701,"['83', '87', '95', '86']+ ['84', '82', '83', '86']+ 83,86,84+ 83,86,84",nan+ nan+ Bahnhofstraße/Lindenstraße+ nan
353,Luzerner Strasse Ecke Goerzallee,strassenbahn,['77'],"52.423805276568366, 13.300876293530628",,,
354,Machnower Schleuse,strassenbahn,['96'],"52.39513316459733, 13.20831380290797",,['96']+ ['96']+ 96,nan+ nan+ Machnower Schleuse
355,Magdalenenstrasse,u-bahn,['E'],"52.5125,13.486388888889",Q473901,,
356,Mahlow,s-bahn,['KBS 105a'],"52.3602,13.4085",Q2641431,['KBS 105b']+ ['KBS 105']+ KBS 105+ KBS 105,nan+ nan+ Mahlow station+ Mahlow station
357,"Mahlsdorf, Zeppelinstrasse",bus,['H'],"52.5140540358825, 13.61139730634821",,,
358,"Mahlsdorf-Süd, Kohlisstrasse",bus,['D'],"52.47546367962774, 13.599281537604181",,,
360,Mahlsdorfer Strasse Ecke Kohlisstrasse,strassenbahn,['83'],"52.4750917552827, 13.600090116302983",,,
361,Mariendorf,s-bahn,['KBS 105a'],"52.4478,13.3609",Q800497,['KBS 105b']+ ['KBS 105']+ KBS 105+ KBS 105+ KBS 100c,nan+ nan+ Attilastraße station+ Attilastraße station+ Attilastraße station
362,"Mariendorf, Zastrowstrasse",strassenbahn,['99'],"52.453661629084294, 13.38439177695092",,,
363,Mariendorfer Weg,strassenbahn,['6'],"52.46469434328643, 13.432932867671957",,27,Mariendorfer Weg
364,Mariendorfer Weg Ecke Chausseestrasse,strassenbahn,['6'],"52.46469681872952, 13.432973252862677",,,
365,Marienfelde,s-bahn,['KBS 105a'],"52.4242,13.3747",Q800485,['KBS 105b']+ ['KBS 105']+ KBS 105+ KBS 105+ KBS 100c,nan+ nan+ Marienfelde station+ Marienfelde station+ Marienfelde station
366,Markgrafendamm,strassenbahn,['82'],"52.49918957829234, 13.465807953098425",,['82']+ ['82'],nan+ nan
367,Markstrasse,strassenbahn,['41'],"52.56287187492626, 13.364542514645981",,,
368,Marktstrasse,strassenbahn,['141'],"52.56278268494771, 13.36447387353836",,,
369,Masurenallee,strassenbahn,['75'],"52.50643430135658, 13.28045735469032",,,
370,Memeler Strasse,u-bahn,['E'],"52.516794444444,13.444991666667",Q551768,,
371,Molkenmarkt,strassenbahn,"['72', '82', '64', '73', '65', '60']","52.51679321421663, 13.409330619020574",,"['73', '82', '72']+ ['74', '82', '72']+ 72,74E,74+ 74,72",nan+ nan+ nan+ nan
372,Moltkebrücke,strassenbahn,['21'],"52.5219128570478, 13.368763129040833",,,
373,Moltkestrasse,strassenbahn,['21'],"52.52091870811496, 13.370522595212249",,"74,73+ 73,74",Moltkestrasse+ Moltkestrasse
374,Moritzplatz,u-bahn,['D'],"52.503611111111,13.410833333333",Q374225,['D']+ ['D']+ D+ D+ D,nan+ nan+ Moritzplatz station+ Moritzplatz station+ Moritzplatz station
375,Märkisches Museum,u-bahn,['A'],"52.511944444444,13.408888888889",Q657871,"['A I']+ ['A I']+ A I,A II+ A+ A",nan+ nan+ Märkisches Museum station+ Märkisches Museum station+ Märkisches Museum station
376,Möllendorffstrasse Ecke Scheffelstrasse,strassenbahn,['8'],"52.52073451226056, 13.480334590663476",,,
377,Müggelheim,bus,['27'],"52.41018331064196, 13.665897531850348",,A27+ A27,nan+ nan
378,Müggelheimer Damm,bus,['27'],"52.42399604932065, 13.628973842179805",,,
380,Müggelseedamm,strassenbahn,['87'],"52.4498638,13.661534",Q66361484,['87'],nan
381,Mühlenstrasse,strassenbahn,"['6', '82']","52.508543937506005, 13.43489757970717",,"['4', '3']+ 4,3",nan+ Mühlenstrasse
382,Mühlenstrasse Ecke Hauptstrasse,strassenbahn,['6'],"52.48181095333424, 13.348363136513548",,,
383,Müllerstrasse,strassenbahn,"['25', '28', '128', '68']","52.55973735325193, 13.335642683090738",,,
384,Müllerstrasse Ecke Seestrasse,strassenbahn,"['25', '28', '128', '68']","52.55047126275597, 13.351995203728084",,"['68', '3']",nan
385,Märkisches Museum,strassenbahn,['87'],"52.51272975061891, 13.411419237277142",,,
386,Neanderstrasse,u-bahn,['D'],"52.510833333333,13.416388888889",Q663204,,
387,Neanderstrasse Ecke Köpenicker Strasse,strassenbahn,['87'],"52.510995892162974, 13.416448002055228",,,
388,Nettelbeckplatz,strassenbahn,['23'],"52.54423653105294, 13.369853072459598",,"['35', '68', '23']+ ['35', '23', '68']+ 35",nan+ nan+ Nettelbeckplatz
389,Neu-Lichtenberg,s-bahn,['KBS 101'],"52.5022,13.4856",Q1284120,['KBS 101'],nan
390,Neu-Westend,u-bahn,['A1'],"52.515555555556,13.261111111111",Q656431,['A I']+ ['A I']+ B I+ B I,nan+ nan+ Neu-Westend+ Neu-Westend
392,Neue Königstrasse,strassenbahn,['60'],"52.52595170978377, 13.4208495980272",,,
393,Neuendorfer Strasse,strassenbahn,['75'],"52.54666874846329, 13.209047169204815",,,
394,Neukölln,s-bahn,"['KBS 100a', 'KBS 100']","52.469166666667,13.441666666667",Q111325412,"['KBS 100a', 'KBS 100']+ ['KBS 100', 'KBS 100a']+ KBS 100,KBS 100a+ KBS 100a,KBS 100+ KBS 100,KBS 100k",nan+ nan+ S-Bahnhof Berlin Neukölln+ S-Bahnhof Berlin Neukölln+ S-Bahnhof Berlin Neukölln
395,"Neukölln, Steinmetzstrasse",strassenbahn,['27'],"52.472875143270436, 13.42842218641741",,,
396,"Neukölln, Südring",u-bahn,['C'],"52.469444,13.442222",Q21272767,,
397,Niederneuendorfer Allee,strassenbahn,['75'],"52.565323131218655, 13.209268714576623",,,
400,"Niederschönhausen, Friedensplatz",strassenbahn,['47'],"52.58152721246565, 13.40424791490455",,,
401,Nikolassee,s-bahn,"['KBS 101', 'KBS 104a']","52.4317,13.1933",Q637052,"['KBS 104', 'KBS 102']+ ['KBS 102', 'KBS 104']+ KBS 102,KBS 104+ KBS 104,KBS 102+ KBS 100h,KBS 100e",nan+ nan+ Berlin-Nikolassee station+ Berlin-Nikolassee station+ Berlin-Nikolassee station
402,Nollendorfplatz,u-bahn,"['A', 'B1']","52.499166666667,13.353888888889",Q571039,"['A I', 'B I', 'B II']+ ['B II', 'B I', 'A I', 'A II']+ B I,B II,A I,A II,B III+ A I,B I,A II,B II,B III+ A I,A II,B I",nan+ nan+ Nollendorfplatz metro station+ Nollendorfplatz metro station+ Nollendorfplatz metro station
403,Nonnendammallee,strassenbahn,['55'],"52.538012066324, 13.24976268119185",,35,Nonnendammallee
404,Nordend,strassenbahn,"['199', '47']","52.5902104,13.4027524",Q65032696,46+ 46+ 46,Nordend+ Nordend+ Nordend
405,Nürnberger Platz,u-bahn,['A2'],"52.4983,13.3347",Q202101,['A II'],nan
406,"Oberschöneweide, Edisonstrass Ecke Wilhelminenhofstrasse",strassenbahn,['69'],"52.4619496,13.5139049",Q65951882,,
407,"Oberschöneweide, Nalepastrasse Ecke Karlshorsterstrasse",strassenbahn,"['87', '95']","52.46375690203293, 13.508592113789488",,,
408,Oberspree,s-bahn,['KBS 100d'],"52.4525,13.5382",Q15192700,['KBS 100d']+ ['KBS 103a']+ KBS 103a+ KBS 103a+ KBS 106,nan+ nan+ Oberspree station+ Oberspree station+ Oberspree station
409,Onkel Toms Hütte,u-bahn,['A2'],"52.450277777778,13.253333333333",Q389214,"['A II']+ ['A II']+ B II,A II+ A II,B II+ A II",nan+ nan+ Onkel Toms Hütte metro station+ Onkel Toms Hütte metro station+ Onkel Toms Hütte metro station
410,Oranienburg,s-bahn,['KBS 104'],"52.7536,13.2496",Q2341669,['KBS 104']+ ['KBS 104']+ KBS 104+ KBS 104+ KBS 104,nan+ nan+ Oranienburg station+ Oranienburg station+ Oranienburg station
411,Oranienburger Strasse Ecke Wilhelmsruher Damm,strassenbahn,['68'],"52.59551837167652, 13.33304922892868",,,
412,Oranienburger Tor,strassenbahn,['75'],"52.539688922405084, 13.205173102056984",,"['46', '1', '70']+ ['46', '11', '70', '69', '1']+ 70,69,46+ 46,70,11,1+ 11,1,70,46,69",nan+ nan+ U Oranienburger Tor+ U Oranienburger Tor+ U Oranienburger Tor
413,Oranienburger Tor,u-bahn,['C'],"52.524886111111,13.387477777778",Q571485,"['C I']+ ['C I']+ C I,C II",nan+ nan+ Oranienburger Tor metro station
414,Oskar-Helene-Heim,u-bahn,['A2'],"52.450277777778,13.269722222222",Q681336,"['A II']+ ['A II']+ B II,A II+ A II,B II+ A II",nan+ nan+ Oskar-Helene-Heim metro station+ Oskar-Helene-Heim metro station+ Oskar-Helene-Heim metro station
415,Oskarplatz,strassenbahn,"['141', '41']","52.5570174,13.3659987",Q65767112,"['3']+ ['3', '35']",nan+ nan
416,Osloer Strasse Ecke Prinzenallee,strassenbahn,['8'],"52.5559072,13.3837614",Q65807451,['23'],nan
417,Osloer strasse,strassenbahn,['8'],"52.55670687244517, 13.37382548226232",,,
418,Osnabrücker Strasse,strassenbahn,['55'],"52.52655659018374, 13.297414453709727",,55,nan
419,Ostendstrasse,strassenbahn,"['87', '95']","52.4572322,13.5338473",Q66104283,,
420,Ostkreuz,s-bahn,"['KBS 101', 'KBS 100', 'KBS 100c']","52.5031,13.4689",Q111251530,"['KBS 102', 'KBS 101', 'KBS 103', 'KBS 100']+ ['KBS 100', 'KBS 103', 'KBS 103a', 'KBS 100c', 'KBS 102', 'KBS 101', 'KBS 100b']+ KBS 103,KBS 100,KBS 102,KBS 100c,KBS 103a,KBS 100b,KBS 101+ KBS 103a,KBS 106,KBS 101,KBS 103,KBS 102+ KBS 106a,KBS 101,KBS 102,KBS 103,KBS 103a,KBS 104,KBS 106",nan+ nan+ S-Bahnhof Ostkreuz+ S-Bahnhof Ostkreuz+ S-Bahnhof Ostkreuz
421,Pallasstrasse,strassenbahn,['3'],"52.49433531886079, 13.361034439138953",,['74'],nan
422,Pallasstrasse Ecke Potsdamer Strasse,strassenbahn,['3'],"52.49439853450471, 13.361087669638948",,,
423,"Pankow, Breite Strasse",strassenbahn,['47'],"52.569410944464835, 13.403477893079419",,,
424,"Pankow, Damerowsstrasse",strassenbahn,"['49', '24']","52.572297062803116, 13.414824736159702",,,
425,"Pankow, Schönholzer Strasse",strassenbahn,['23'],"52.5694372959097, 13.400975893487843",,,
426,"Pankow, Vinetastrasse",u-bahn,['A'],"52.559166666667,13.413333333333",Q570906,,
427,"Pankow, Wollankstrasse",strassenbahn,['199'],"52.565654441230436, 13.39086059036533",,,
428,Pankow-Heinersdorf,s-bahn,['KBS 103'],"52.5780653,13.4295093",Q4892366,"['KBS 106']+ ['KBS 106', 'KBS 100b']+ KBS 106,KBS 100b+ KBS 106+ KBS 104,KBS 106",nan+ nan+ Berlin-Pankow-Heinersdorf station+ Berlin-Pankow-Heinersdorf station+ Berlin-Pankow-Heinersdorf station
429,Pankow-Schönhausen,s-bahn,['KBS 103'],"52.5667,13.4111",Q653775,['KBS 106'],nan
430,Pankstrasse,strassenbahn,['23'],"52.55232052700631, 13.381594396575924",,,
431,Papestr.,s-bahn,"['KBS 100', 'KBS 103', 'KBS 105a']","52.4756,13.3644",Q111323139,"['KBS 100a', 'KBS 106', 'KBS 105b', 'KBS 100']+ ['KBS 106', 'KBS 100', 'KBS 100a', 'KBS 105']+ KBS 106,KBS 105,KBS 100,KBS 100a+ KBS 100,KBS 100a,KBS 105,KBS 106+ KBS 100d,KBS 100c,KBS 100,KBS 100k",nan+ nan+ S-Bahnhof Berlin Südkreuz+ S-Bahnhof Berlin Südkreuz+ S-Bahnhof Berlin Südkreuz
432,Pasewalker Strasse,strassenbahn,"['49', '24']","52.57798821745791, 13.428766545985715",,,
433,Paulsternstrasse,strassenbahn,['55'],"52.538114851173546, 13.248435943349298",,55+ 55+ 55,Paulsternstrasse+ Paulsternstrasse+ Paulsternstrasse
435,Petersburger Strasse,u-bahn,['E'],"52.515833333333,13.454166666667",Q568627,,
436,Petersburger Strasse Ecke Landsberger Allee,strassenbahn,['65'],"52.5259343,13.4462368",Q65553230,,
437,Pichelsberg,s-bahn,['KBS 100c'],"52.5103,13.2271",Q800488,"['KBS 101', 'KBS 103']+ ['KBS 101', 'KBS 103']+ KBS 103,KBS 101+ KBS 101+ KBS 100g",nan+ nan+ Berlin-Pichelsberg railway station+ Berlin-Pichelsberg railway station+ Berlin-Pichelsberg railway station
438,"Pichelsberg, Stössenseebrücke",Fähre,['Wannsee-Pichelsberg'],"52.51277524075516, 13.213352077856104",,,
439,Pichelsdorfer Strasse,strassenbahn,['75'],"52.51307046642958, 13.196871153391022",,"76,75+ 75,76+ 75,76",Pichelsdorfer Strasse+ Pichelsdorfer Strasse+ Pichelsdorfer Strasse
440,Podbielskiallee,u-bahn,['A2'],"52.464444444444,13.296388888889",Q571324,"['A II']+ ['A II']+ B II,A II+ A II,B II+ A II",nan+ nan+ Podbielskiallee+ Podbielskiallee+ Podbielskiallee
441,Postdamer Strasse Ecke Hauptstrasse,strassenbahn,['74'],"52.49042197420286, 13.360258660240738",,,
442,Potsdam,s-bahn,['KBS 101'],"52.3917,13.0667",Q647973,['KBS 102']+ ['KBS 102']+ KBS 102+ KBS 102,nan+ nan+ Potsdam Hauptbahnhof+ Potsdam Hauptbahnhof
443,Potsdamer Chaussee,bus,['17'],"52.431000977609386, 13.229955507955582",,,
444,Potsdamer Platz,s-bahn,"['KBS 105a', 'KBS 103', 'KBS 104a']","52.5094,13.3766",Q106086519,"['KBS 105', 'KBS 104', 'KBS 105b', 'KBS 106']+ ['KBS 106', 'KBS 105', 'KBS 104']+ KBS 106,KBS 105,KBS 104",nan+ nan+ Potsdamer Platz S-Bahn station
445,Potsdamer Platz,strassenbahn,"['21', '74', '1']","52.50948236131137, 13.375988156399634",,"74,73+ 73,74",Potsdamer Platz+ Potsdamer Platz
446,Potsdamer Platz,u-bahn,['A'],"52.5092,13.3782",Q3909578,"['A I']+ ['A I']+ A I,A II",nan+ nan+ Potsdamer Platz metro station
447,Potsdamer Strasse,strassenbahn,['96'],"52.397080366659694, 13.243581735284204",,"['3']+ 2,3",nan+ Potsdamer Strasse
448,Potsdamer Strasse Ecke Kurfürstenstrasse,strassenbahn,['74'],"52.4997538570783, 13.362818148290852",,,
449,Potsdamer Strasse Ecke Pallasstrasse,strassenbahn,['74'],"52.49437098285493, 13.361060066548905",,3,nan
451,Prenzlauer Allee,s-bahn,['KBS 100'],"52.544775,13.426116",Q32661483,"['KBS 100']+ ['KBS 100', 'KBS 103a', 'KBS 100c', 'KBS 100b']+ KBS 100,KBS 100c,KBS 103a,KBS 100b+ KBS 106+ KBS 106a,KBS 104,KBS 106",nan+ nan+ Berlin Prenzlauer Allee station+ Berlin Prenzlauer Allee station+ Berlin Prenzlauer Allee station
452,Prenzlauer Allee,strassenbahn,"['72', '73']","52.5396522,13.4244789",Q65222180,"['13', '4']+ 4,13+ 13,4+ 4,13",nan+ Prenzlauer Allee/Danziger Straße+ Prenzlauer Allee/Danziger Straße+ Prenzlauer Allee/Danziger Straße
453,Prenzlauer Allee Ecke Danziger Strasse,strassenbahn,"['72', '73']","52.5396522,13.4244789",Q65222180,,
454,Prenzlauer Promenade,strassenbahn,['73'],"52.55155536618067, 13.43032253030515",,"70,72,3+ 72,3,70+ 3,70,72",Prenzlauer Promenade+ Prenzlauer Promenade+ Prenzlauer Promenade
455,Prenzlauer Promenade Ecke Gustav-Adolf-Strasse,strassenbahn,['73'],"52.551756288963574, 13.43036423385003",,"['70', '3']",nan
456,Prenzlauer Strasse Ecke Prenzlauer Allee,strassenbahn,"['72', '60', '73']","52.52702543130057, 13.415674981943308",,,
457,Priesterweg,s-bahn,"['KBS 105a', 'KBS 103']","52.4601,13.3563",Q800508,"['KBS 106', 'KBS 105b']+ ['KBS 106', 'KBS 105']+ KBS 106,KBS 105+ KBS 105,KBS 106+ KBS 100d,KBS 100c",nan+ nan+ Priesterweg railway station+ Priesterweg railway station+ Priesterweg railway station
458,Prinz-Louis-Ferdinand-Strasse,strassenbahn,['1'],"52.52067652539613, 13.389902051315714",,,
460,Prinzenallee Ecke Brehmestrasse,strassenbahn,['23'],"52.55964584409222, 13.386994425763648",,,
461,Prinzenallee Ecke Osloer Strasse,strassenbahn,['24'],"52.5559072,13.3837614",Q65807451,['3'],nan
462,Prinzenstrasse,u-bahn,['B'],"52.498333333333,13.406111111111",Q689797,"['B I', 'B II']+ ['A II']+ A II",nan+ nan+ nan
463,Putlitzstr.,s-bahn,['KBS 100'],"52.536,13.344",Q465972,"['KBS 100']+ ['KBS 100', 'KBS 103a']+ KBS 100c,KBS 103a,KBS 100+ KBS 100+ KBS 100a,KBS 100",nan+ nan+ Berlin Westhafen station+ Berlin Westhafen station+ Berlin Westhafen station
464,Rahnsdorf,strassenbahn,['87'],"52.443531694444445,13.685038",Q66361311,['87']+ 87+ 87+ 87,nan+ Rahnsdorf/Waldschänke+ Rahnsdorf/Waldschänke+ Rahnsdorf/Waldschänke
465,Ramlerstrasse,strassenbahn,"['199', '28', '128', '41', '24', '141']","52.5471348687247, 13.389120500428692",,,
466,Rangsdorf,s-bahn,['KBS 105a'],"52.294444,13.430278",Q801345,['KBS 105b']+ ['KBS 105']+ KBS 105+ KBS 105,nan+ nan+ Rangsdorf railway station+ Rangsdorf railway station
467,Rathaus,strassenbahn,"['72', '64', '73', '65', '60']","52.51823377354708, 13.4098395840552",,,
468,Rathaus Neukölln,u-bahn,['C'],"52.481666666667,13.434166666667",Q628770,['C I']+ ['C I']+ C I+ C I+ C I,nan+ nan+ Rathaus Neukölln+ Rathaus Neukölln+ Rathaus Neukölln
469,Rathenower Strasse,strassenbahn,['21'],"52.52356,13.35779",Q121863902,"35,2",Alt-Moabit/​Rathenower Str.
470,Reichskanzlerdamm,strassenbahn,['23'],"52.588585153873055, 13.388316972877895",,,
471,Reichskanzlerplatz,strassenbahn,['75'],"52.5089140766086, 13.272251406623242",,"['75']+ 76,75+ 75,76",nan+ Reichskanzlerplatz+ Reichskanzlerplatz
472,Reichskanzlerplatz,u-bahn,['A1'],"52.509722222222,13.273055555556",Q657857,"['A I']+ ['A I']+ B I,A I+ A I,B I",nan+ nan+ Theodor-Heuss-Platz+ Theodor-Heuss-Platz
473,Reichsportfeld,u-bahn,['A1'],"52.511,13.2416",Q800506,,
474,Reichssportfeld,s-bahn,['KBS 100c'],"52.511,13.2416",Q800506,"['KBS 101', 'KBS 103']+ ['KBS 101', 'KBS 103']+ KBS 103,KBS 101",nan+ nan+ Berlin Olympiastadion station
475,Reinickendorf,s-bahn,['KBS 105'],"52.5779,13.3506",Q800496,['KBS 105']+ ['KBS 105']+ KBS 105+ KBS 105+ KBS 100c,nan+ nan+ Berlin Alt-Reinickendorf station+ Berlin Alt-Reinickendorf station+ Berlin Alt-Reinickendorf station
476,"Reinickendorf, Berliner Strasse Ecke Waldstrasse",strassenbahn,['68'],"52.57551795282049, 13.332035971745624",,,
477,"Reinickendorf, Residenzstrasse",strassenbahn,['141'],"52.57582595662085, 13.34785112535354",,,
478,"Reinickendorf, Scharnweberstrasse",strassenbahn,"['25', '128', '41', '28']","52.567938584320565, 13.311990398863685",,,
479,"Reinickendorf-Ost, Hauptstrasse",strassenbahn,['41'],"52.57506440929674, 13.352281003125478",,,
480,"Reinickendorf-West, Berliner Strasse",strassenbahn,['41'],"52.56406869437813, 13.327834537507654",,,
481,Reinickendorfer Strasse,strassenbahn,"['141', '41', '23']","52.54031997084383, 13.36977195492272",,,
482,Reinickendorfer Strasse,u-bahn,['C'],"52.539911111111,13.370377777778",Q559249,,
483,Reinickendorfer Strasse Ecke Iranische Strasse,strassenbahn,"['141', '41']","52.55506396501877, 13.365910457558154",,,
485,Residenzstrasse,strassenbahn,['41'],"52.570797354942535, 13.360629789825673",,,
486,Residenzstrasse Ecke Hauptstrasse,strassenbahn,['141'],"52.57424536432287, 13.35918599675858",,['35'],nan
487,Richard-Wagner-Platz,strassenbahn,['54'],"52.517570616857, 13.306248118529135",,"55,53,54+ 53,55,54+ 54,53,55",Richard-Wagner-Platz+ Richard-Wagner-Platz+ Richard-Wagner-Platz
488,Ringstrasse Ecke Finckensteinallee,strassenbahn,['77'],"52.432763118715044, 13.28708803299288",,,
490,Roseneck,strassenbahn,['76'],"52.47630604660362, 13.281717433241134",,"['57', '51']",nan
491,Rosenthal,strassenbahn,['23'],"52.598664,13.3726652",Q65364041,,
492,Rosenthaler Platz,strassenbahn,['1'],"52.5301769,13.4016121",Q65093945,"['49']+ ['1', '22', '49', '11']+ 1,49,11,22+ 22,11,1, 49+ 49,1,11,22","nan+ nan+ U Rosenthaler Platz+ U Rosenthaler Platz,+ U Rosenthaler Platz+ nan"
493,Rosenthaler Platz,u-bahn,['D'],"52.53,13.401111111111",Q663231,['D']+ ['D']+ D,nan+ nan+ Rosenthaler Platz station
494,Rosenthaler Strasse,strassenbahn,['1'],"52.526863056079485, 13.403424759115316",,49,nan
495,"Rudow, Neuköllner Strasse",strassenbahn,['147'],"52.41576933170046, 13.49645398044122",,,
496,Ruhleben,u-bahn,['A1'],"52.525555555556,13.241388888889",Q656401,['A I']+ ['A I']+ B I+ B I+ A I,nan+ nan+ Ruhleben station+ Ruhleben station+ Ruhleben station
497,Ruhlebener Strasse,strassenbahn,['54'],"52.527379691904514, 13.211389157620193",,,
498,Röntgental,s-bahn,['KBS 103'],"52.6487,13.5136",Q801386,['KBS 106']+ ['KBS 106']+ KBS 106+ KBS 106+ KBS 106,nan+ nan+ Röntgental station+ Röntgental station+ Röntgental station
499,Rüdesheimer Platz,u-bahn,['A2'],"52.473333333333,13.314444444444",Q167147,"['A II']+ ['A II']+ B II,A II+ A II,B II+ A II",nan+ nan+ Rüdesheimer Platz+ Rüdesheimer Platz+ Rüdesheimer Platz
500,Sachsendamm,strassenbahn,['6'],"52.47447878567379, 13.361479342511561",,,
501,Samariterstrasse,u-bahn,['E'],"52.514722222222,13.464444444444",Q552891,,
502,Savignyplatz,s-bahn,"['KBS 101', 'KBS 100c']","52.5051746,13.3190659",Q554382,"['KBS 101', 'KBS 103', 'KBS 102']+ ['KBS 102', 'KBS 101', 'KBS 103']+ KBS 102,KBS 103,KBS 101+ KBS 101,KBS 102+ KBS 100h,KBS 100g,KBS 100k",nan+ nan+ Berlin Savignyplatz station+ Berlin Savignyplatz station+ Berlin Savignyplatz station
503,Scharnweberstrasse Ecke Berliner Strasse,strassenbahn,"['25', '28', '128']","52.564054479214924, 13.327868562561564",,,
505,Schillingstrasse,u-bahn,['E'],"52.520277777778,13.421666666667",Q552899,,
506,Schlachtensee,s-bahn,['KBS 104a'],"52.4401,13.2153",Q800509,['KBS 104']+ ['KBS 104']+ KBS 104+ KBS 104+ KBS 100e,nan+ nan+ Berlin-Schlachtensee station+ Berlin-Schlachtensee station+ Berlin-Schlachtensee station
507,Schlesischer Bahnhof,bus,['1'],"52.50976021619768, 13.436358877912049",,,
508,Schlesischer Bahnhof,s-bahn,"['KBS 101', 'KBS 100c']","52.51,13.4347",Q683239,,
509,Schlesisches Tor,strassenbahn,['87'],"52.50089071846621, 13.441502603146748",,"['3', '4']",nan
510,Schlesisches Tor,u-bahn,['B'],"52.500833333333,13.441666666667",Q602282,"['B II']+ ['B I']+ B I,B II+ B II,B I+ A I,A II",nan+ nan+ Schlesisches Tor+ Schlesisches Tor+ Schlesisches Tor
511,Schloßplatz,bus,"['1', '9']","52.516189104673394, 13.401870070751757",,,
512,Schloßstrasse,bus,['5'],"52.45269082659021, 13.313015618265792",,,
514,Schmargendorf,s-bahn,['KBS 100'],"52.479672222222,13.312441666667",Q302810,"['KBS 100']+ ['KBS 100', 'KBS 100a']+ KBS 100+ KBS 100+ KBS 100,KBS 100k",nan+ nan+ Berlin Heidelberger Platz station+ Berlin Heidelberger Platz station+ Berlin Heidelberger Platz station
515,Schmöckwitz,strassenbahn,['86'],"52.37584405426887, 13.648910287320868",,,
516,Schulzendorf,s-bahn,['KBS 105'],"52.6128,13.2462",Q800487,,
517,Schwartzkopffstrasse,u-bahn,['C'],"52.535277777778,13.377222222222",Q554360,,
518,"Schönberg, Wartburgplatz",strassenbahn,['6'],"52.48749215907796, 13.34511332295929",,,
519,Schöneberg,s-bahn,"['KBS 100', 'KBS 104a']","52.4794,13.3517",Q543855,"['KBS 100a', 'KBS 104', 'KBS 100']+ ['KBS 100', 'KBS 100a', 'KBS 104']+ KBS 100,KBS 104,KBS 100a+ KBS 104,KBS 100a,KBS 100+ KBS 100,KBS 100k,KBS 100e",nan+ nan+ Berlin-Schöneberg station+ Berlin-Schöneberg station+ Berlin-Schöneberg station
521,Schönefeld,strassenbahn,['147'],"52.38954327891276, 13.511286026236943",,,
522,Schöneweide,s-bahn,"['KBS 100d', 'KBS 100a', 'KBS 100c']","52.455,13.509444444444",Q111323931,"['KBS 100a', 'KBS 100d', 'KBS 103']+ ['KBS 103a', 'KBS 100a', 'KBS 103']+ KBS 103,KBS 103a,KBS 100a+ KBS 103,KBS 103a,KBS 100a,KBS 106+ KBS 106a,KBS 106,KBS 103,KBS 103a",nan+ nan+ S-Bahnhof Berlin Schöneweide+ S-Bahnhof Berlin Schöneweide+ S-Bahnhof Berlin Schöneweide
523,Schönhauser Alle,u-bahn,['A'],"52.549328888889,13.413706111111",Q47014936,,
524,Schönhauser Allee,s-bahn,['KBS 100'],"52.549329,13.413706",Q111264493,"['KBS 100']+ ['KBS 100', 'KBS 103a', 'KBS 100c', 'KBS 100b']+ KBS 100,KBS 100c,KBS 103a,KBS 100b+ KBS 106+ KBS 106a,KBS 104,KBS 106",nan+ nan+ S-Bahnhof Schönhauser Allee+ S-Bahnhof Schönhauser Allee+ S-Bahnhof Schönhauser Allee
525,Schönhauser Allee,strassenbahn,"['49', '47']","52.5537705,13.4138898",Q65076842,"['70', '3']+ 3",nan+ nan
526,Schönhauser Allee Ecke Danziger Strasse,strassenbahn,"['49', '47']","52.54142343265726, 13.412140744779617",,,
527,Schönhauser Allee Ecke Dänenstrasse,strassenbahn,"['49', '47']","52.54964258327103, 13.413653988181903",,,
528,Schönhauser Allee Ecke Wisbyer Strasse,strassenbahn,['49'],"52.55374610843057, 13.414453768690132",,,
529,Schönhauser Tor,u-bahn,['A'],"52.528333333333,13.410277777778",Q658790,,
530,Schönholz,s-bahn,"['KBS 104', 'KBS 105']","52.5714,13.3814",Q800490,"['KBS 105', 'KBS 104']+ ['KBS 105', 'KBS 104']+ KBS 105,KBS 104+ KBS 105,KBS 106+ KBS 100c,KBS 100e",nan+ nan+ Berlin-Schönholz station+ Berlin-Schönholz station+ Berlin-Schönholz station
531,Schönleinstrasse,u-bahn,['D'],"52.493055555556,13.421944444444",Q666868,,
532,Schönwalder Allee,strassenbahn,['54'],"52.55533730374434, 13.19864146836822",,,
533,Schönwalder Strasse,strassenbahn,['54'],"52.542957403151995, 13.206312038330612",,,
534,Schützenplatz,strassenbahn,['96'],"52.417902585068575, 13.30511527465078",,,
536,Seestrasse,u-bahn,['C'],"52.55056,13.35194",Q554391,,
537,Seestrasse Ecke Markstrasse,strassenbahn,['8'],"52.55695074879838, 13.365622304450374",,,
538,Seestrasse Ecke Müllerstrasse,strassenbahn,['8'],"52.55044753588031, 13.351974539230612",,"['29', '25', '28']+ ['68', '28', '29', '25']",nan+ nan
539,"Seestrasse, Friedhöfe",strassenbahn,['8'],"52.552703555448296, 13.356287088477963",,,
540,Berlinerstrasse Ecke Seidelstrasse,strassenbahn,"['25', '28', '128', '41']","52.576294689156825, 13.294656859060982",,,
541,Senefelderplatz,u-bahn,['A'],"52.53242, 13.412743",Q32661454,"['A I']+ ['A I']+ A I,A II+ A+ A",nan+ nan+ U-Bahnhof Senefelderplatz+ U-Bahnhof Senefelderplatz+ U-Bahnhof Senefelderplatz
542,Siegfriedstrasse,strassenbahn,['69'],"52.51955575998727, 13.499342568310986",,,
543,Siemensstadt,s-bahn,['KBS 100b'],"52.53923,13.26365",Q96080453,"['KBS 100b']+ ['KBS 100d']+ KBS 100c,KBS 100d+ KBS 100c+ KBS 100b",nan+ nan+ Berlin-Siemensstadt railway station+ Berlin-Siemensstadt railway station+ Berlin-Siemensstadt railway station
544,Siemensstadt,strassenbahn,['55'],"52.53699730933042, 13.262264223562065",,,
545,Sonnenallee,s-bahn,['KBS 100'],"52.473,13.4558",Q481364,['KBS 100']+ ['KBS 100']+ KBS 100+ KBS 100+ KBS 100,nan+ nan+ Berlin Sonnenallee station+ Berlin Sonnenallee station+ Berlin Sonnenallee station
546,Sonnenallee,strassenbahn,['95'],"52.48613359502478, 13.430239659364373",,"['26']+ 26+ 95P,26",nan+ Sonnenallee+ Sonnenallee
15539,"Sonnenallee, S-Bahn",strassenbahn,['95'],"52.473894347989244, 13.45587384777502",,,
547,Sonnenallee Ecke Erkstrasse,strassenbahn,['95'],"52.481693342166764, 13.440079325671048",,,
548,Sophie-Charlotte-Platz,u-bahn,['A1'],"52.510833333333,13.296666666667",Q657879,"['A I']+ ['A I']+ B I,A I+ A I,B I+ A I",nan+ nan+ Sophie-Charlotte-Platz+ Sophie-Charlotte-Platz+ Sophie-Charlotte-Platz
549,Spandau,s-bahn,['KBS 100c'],"52.532, 13.2089",Q800491,"['KBS 101', 'KBS 103']+ ['KBS 103a', 'KBS 101', 'KBS 103']+ KBS 103,KBS 103a,KBS 101+ KBS 101,KBS 103a+ KBS 100a,KBS 100g",nan+ nan+ S-Bahnhof Berlin Spandau+ S-Bahnhof Berlin Spandau+ S-Bahnhof Berlin Spandau
550,Spandau Markt,strassenbahn,['54'],"52.53784349532438, 13.204135429364628",,"['54', '75']",nan
551,Spandau markt,strassenbahn,['55'],"52.53784349532438, 13.204135429364628",,,
552,"Spandau, Johannesstrift",strassenbahn,['54'],"52.56760998876781, 13.191764395056936",,,
553,"Spandau, Markt",strassenbahn,['75'],"52.53784349532438, 13.204135429364628",,"['55']+ ['75', '55', '54']+ 54,75,55,53,76+ 53,55,54,76,75+ 75,54,76,53","nan+ nan+ Spandau, Markt+ Spandau, Markt+ Spandau, Markt"
554,Spandauer Berg,strassenbahn,['54'],"52.522456029890684, 13.255823061511318",,,
555,Spandauer Chaussee,strassenbahn,['54'],"52.52387160893929, 13.249377186385694",,,
557,Spandauer Strasse Ecke Schloßstrasse,strassenbahn,['54'],"52.519432576631544, 13.295996482010626",,,
558,Spandauer Strasse Ecke Schloßtrasse,strassenbahn,['62'],"52.519428412966874, 13.295919143611133",,,
559,Spindlersfeld,s-bahn,['KBS 100d'],"52.4472,13.5613",Q4892371,['KBS 100d']+ ['KBS 103a']+ KBS 103a+ KBS 103a+ KBS 106,nan+ nan+ Berlin-Spindlersfeld station+ Berlin-Spindlersfeld station+ Berlin-Spindlersfeld station
560,Spittelmarkt,strassenbahn,"['87', '74']","52.511243321361405, 13.40494539543245",,"['73', '64', '72', '74']+ ['74', '82', '64']+ 74,72,64+ 64,72,74E,74+ 74E,74,72,64",nan+ nan+ Spittelmarkt+ Spittelmarkt+ Spittelmarkt
561,Spittelmarkt,u-bahn,['A'],"52.511111111111,13.403611111111",Q569489,"['A I']+ ['A I']+ A I,A II+ A+ A",nan+ nan+ Spittelmarkt station+ Spittelmarkt station+ Spittelmarkt station
562,Sportpromenade,strassenbahn,['86'],"52.410570754598794, 13.597970946447681",,,
563,Stadtmitte,u-bahn,"['A', 'C']","52.5122,13.3894",Q660066,['C I']+ A+ A,nan+ nan+ nan
564,Stahnsdorf,strassenbahn,['96'],"52.39232917788066, 13.222201892483092",,,
565,Steglitz,s-bahn,['KBS 104a'],"52.4562,13.3216",Q111264179,['KBS 104']+ ['KBS 104']+ KBS 104+ KBS 104+ KBS 100e,nan+ nan+ S-Bahnhof Rathaus Steglitz+ S-Bahnhof Rathaus Steglitz+ S-Bahnhof Rathaus Steglitz
566,"Steglitz, Rathaus",bus,['5'],"52.45646561335731, 13.322849067861537",,,
567,"Steglitz, Rathaus",strassenbahn,"['77', '74']","52.456923983453606, 13.320670797180279",,,
570,Strelitzerstrasse,strassenbahn,['4'],"52.5388670480441, 13.391881284856476",,,
571,Sternendamm,strassenbahn,['91'],"52.44656599538739, 13.506553020950665",,,
572,Stettiner Bahnhof,s-bahn,"['KBS 104', 'KBS 105', 'KBS 103']","52.5319,13.3878",Q673721,,
573,Stettiner Bhf.,strassenbahn,['1'],"52.531658,13.3887147",Q65697896,,
574,Stettiner Bhf.,u-bahn,['C'],"52.5319,13.3878",Q673721,,
575,Stralauer Allee Ecke Warschauerstrasse,strassenbahn,['82'],"52.50274970779661, 13.446779618871153",,,
577,Strausberger Platz,u-bahn,['E'],"52.518055555556,13.430833333333",Q570999,['E']+ ['E']+ E+ E+ E,nan+ nan+ Strausberger Platz+ Strausberger Platz+ Strausberger Platz
578,Streitstrasse,strassenbahn,['75'],"52.55407261801787, 13.207796313816315",,,
580,Stuttgarter Platz,strassenbahn,['62'],"52.50566810519856, 13.306864497506904",,['60']+ ['60']+ 60+ 60,nan+ nan+ Stuttgarter Platz+ Stuttgarter Platz
581,Städtische Oper,u-bahn,['A1'],"52.511944444444,13.310555555556",Q869501,,
582,Stölpchensee,bus,['17'],"52.409430239790396, 13.14381794619846",,"['A18']+ A3+ AS4,A18",nan+ Stölpchensee+ nan
583,Suarezstrasse,strassenbahn,['62'],"52.50689035996181, 13.295212964938859",,,
584,Suarezstrasse Ecke Kaiserdamm,strassenbahn,['62'],"52.510974833268435, 13.297307505380822",,,
585,Sundgauer Str.,s-bahn,['KBS 104a'],"52.436291,13.273772",Q800513,['KBS 104']+ ['KBS 104']+ KBS 104+ KBS 104+ KBS 100e,nan+ nan+ Berlin Sundgauer Straße station+ Berlin Sundgauer Straße station+ Berlin Sundgauer Straße station
586,Südende,s-bahn,['KBS 103'],"52.4481,13.3536",Q800511,['KBS 106']+ ['KBS 106']+ KBS 106+ KBS 106+ KBS 100d,nan+ nan+ Südende station+ Südende station+ Südende station
587,Tegel,s-bahn,['KBS 105'],"52.5886,13.2894",Q800493,['KBS 105']+ ['KBS 105']+ KBS 105+ KBS 105+ KBS 100c,nan+ nan+ Berlin-Tegel railway station+ Berlin-Tegel railway station+ Berlin-Tegel railway station
588,"Tegel, Alt-Tegel",strassenbahn,"['25', '41']","52.589904229457645, 13.283306953160388",,"['41', '25']+ ['41', '25']",nan+ nan
589,"Tegel, Schloßstrasse",strassenbahn,['28'],"52.593899698782984, 13.280868773233582",,,
590,"Tegel, Schloßstrasse ; Berliner Strasse",strassenbahn,['128'] ; ['128'],"52.59385577804168, 13.280849504455242 ; 52.5894754993654, 13.283821595924584",,,
591,Tegeler Forst,strassenbahn,"['28', '128']","52.599866426938775, 13.25206293052063",,,
592,Tegeler Weg,strassenbahn,['55'],"52.530298255162464, 13.295840794537064",,,
593,Tegelort,strassenbahn,['28'],"52.573270025049354, 13.229152131350883",,,
594,"Teltow, Hindenburgplatz",strassenbahn,['96'],"52.400806383685506, 13.268941596833997",,,
595,Tempelhof,s-bahn,['KBS 100'],"52.4708,13.3854",Q111264368,"['KBS 100a', 'KBS 100']+ ['KBS 100', 'KBS 100a']+ KBS 100,KBS 100a+ KBS 100a,KBS 100+ KBS 100,KBS 100k",nan+ nan+ S-Bahnhof Berlin-Tempelhof+ S-Bahnhof Berlin-Tempelhof+ S-Bahnhof Berlin-Tempelhof
597,"Tempelhof, Schöneberger Strasse",strassenbahn,['6'],"52.471120701376066, 13.369557043504239",,,
599,Thielplatz,u-bahn,['A2'],"52.451111111111,13.282222222222",Q571331,"['A II']+ ['A II']+ B II,A II+ A II,B II+ A II",nan+ nan+ Freie Universität (Thielplatz) metro station+ Freie Universität (Thielplatz) metro station+ Freie Universität (Thielplatz) metro station
601,Thälmannstrasse Ecke Beusselstrasse,strassenbahn,['3'],"52.52442677095412, 13.327514575012643",,,
602,Thälmannstrasse Ecke Waldstrasse,strassenbahn,['21'],"52.52721009570157, 13.33057857169393",,,
603,Tiergarten,s-bahn,"['KBS 101', 'KBS 100c']","52.5144,13.3365",Q572112,"['KBS 101', 'KBS 103', 'KBS 102']+ ['KBS 102', 'KBS 101', 'KBS 103']+ KBS 102,KBS 103,KBS 101+ KBS 101,KBS 102+ KBS 100h,KBS 100g",nan+ nan+ Berlin-Tiergarten station+ Berlin-Tiergarten station+ Berlin-Tiergarten station
604,Togostrasse,strassenbahn,"['25', '68']","52.54874688145034, 13.348527917135552",,,
605,"Treptow, Elsenstrasse",strassenbahn,"['87', '6']","52.493944205822736, 13.460794560225086",,['3'],nan
606,"Treptow, Rathaus",strassenbahn,['91'],"52.483613037029144, 13.480317575778315",,['91']+ ['91'],nan+ nan
607,Treptower Park,s-bahn,"['KBS 100', 'KBS 100c']","52.4938,13.4618",Q559274,"['KBS 103', 'KBS 100']+ ['KBS 100', 'KBS 103a', 'KBS 103']+ KBS 103,KBS 103a,KBS 100+ KBS 103,KBS 103a,KBS 106+ KBS 106a,KBS 106,KBS 103,KBS 103a",nan+ nan+ Berlin Treptower Park station+ Berlin Treptower Park station+ Berlin Treptower Park station
608,Treskowallee,bus,['D'],"52.492776541825044, 13.526520070619169",,,
609,Treskowallee Ecke Warmbader Strasse,strassenbahn,['69'],"52.492735535800605, 13.526616674381685",,,
610,Treskowstrasse Ecke Hönowerstrasse,strassenbahn,['83'],"52.511301518111516, 13.61233569205835",,,
611,Türschmidtstrasse Ecke Karlshorster Strasse,strassenbahn,['13'],"52.50267191175726, 13.475443912447263",,,
612,U-Bahnhof Danziger Strasse,strassenbahn,"['49', '47']","52.540188767799485, 13.41139735341434",,,
613,U-Bhf. Friedrichsfelde,bus,['D'],"52.50624112361932, 13.512853060220209",,"['A8', 'A43']+ ['A8', 'A43']+ A8,A43+ A43,A8,A8E+ A43,A8,A8E",nan+ nan+ U-Bhf. Friedrichsfelde+ U-Bhf. Friedrichsfelde+ U-Bhf. Friedrichsfelde
614,U-Bhf. Lichtenberg,bus,['H'],"52.511321113614606, 13.499329952959899",,,
615,Uhlandstrasse,u-bahn,['B2'],"52.5025,13.325555555556",Q568224,['B II']+ ['B I'],nan+ nan
616,Ulmenstrasse,bus,['D'],"52.48730877811447, 13.574932033917504",,['A27']+ A27+ A27+ A27,nan+ Ulmenstrasse Ecke Chemnitzer Strasse+ Ulmenstrasse Ecke Chemnitzer Strasse+ Ulmenstrasse Ecke Chemnitzer Strasse
617,Unter den Eichen,bus,['5'],"52.44943362981936, 13.303860250639888",,,
619,Unter den Linden,s-bahn,['KBS 104a'],"52.516388888889,13.380833333333",Q477185,"['KBS 105', 'KBS 104', 'KBS 105b', 'KBS 106']+ ['KBS 106', 'KBS 105', 'KBS 104']+ KBS 106,KBS 105,KBS 104",nan+ nan+ Berlin Brandenburger Tor station
620,Unter den Linden Ecke Friedrichstrasse,bus,['9'],"52.517002154850104, 13.388838236105823",,['A9'],nan
621,Velten,s-bahn,['KBS 105'],"52.685,13.172222",Q19274518,,
622,Vetschauer Allee,strassenbahn,['86'],"52.3864124,13.633786",Q66459670,['86']+ 86,nan+ Adlergestell/Vetschauer Allee
623,Viktoria-Luise-Platz,u-bahn,['B1'],"52.496161111111,13.342702777778",Q178685,['B I']+ ['B II']+ B III+ B III,nan+ nan+ Viktoria-Luise-Platz+ Viktoria-Luise-Platz
624,Voltastrasse,u-bahn,['D'],"52.542093,13.393022",Q663308,,
625,Waidmannslust,s-bahn,['KBS 104'],"52.6064,13.321",Q800492,['KBS 104']+ ['KBS 104']+ KBS 104+ KBS 106+ KBS 100e,nan+ nan+ Berlin-Waidmannslust station+ Berlin-Waidmannslust station+ Berlin-Waidmannslust station
630,Wollankstrasse Ecke Schönholzer Strasse,strassenbahn,['24'],"52.569361555018446, 13.401120706787669",,,
632,Walterdorfer Chaussee,strassenbahn,['147'],"52.401628350402746, 13.513532953960645",,,
633,Wannsee,Fähre,['Wannsee-Pichelsberg'],"52.421928022812146, 13.175815964118582",,['Wannsee<>Kladow (Betrieb durch Stern und Kreisschiffahrt)']+ ['Wannsee<>Kladow (Betrieb durch Stern und Kreisschiffahrt)']+ Wannsee<>Kladow (Betrieb durch Stern und Kreisschiffahrt)+ Wannsee<>Kladow (Betrieb durch Stern und Kreisschiffahrt),nan+ nan+ nan+ nan
634,Wannsee,s-bahn,"['KBS 101', 'KBS 104a']","52.4214,13.1792",Q111325896,"['KBS 104', 'KBS 102']+ ['KBS 104b', 'KBS 102', 'KBS 104']+ KBS 102,KBS 104b,KBS 104+ KBS 104,KBS 102+ KBS 100h,KBS 100e",nan+ nan+ S-Bahnhof Berlin Wannsee+ S-Bahnhof Berlin Wannsee+ S-Bahnhof Berlin Wannsee
635,Warmbader Strasse,bus,['D'],"52.493415428017606, 13.54477394876985",,,
636,Warschauer Brücke,strassenbahn,['4'],"52.506746741445006, 13.449684491939852",,"['3', '4']+ 3,4",nan+ nan
637,Warschauer Brücke,u-bahn,['B'],"52.5051,13.4491",Q18380174,"['B II']+ ['B I']+ B I,B II",nan+ nan+ Warschauer Straße metro station
638,Warschauer Str.,s-bahn,"['KBS 101', 'KBS 100c']","52.506416666667,13.450955555556",Q111252298,"['KBS 101', 'KBS 103', 'KBS 102']+ ['KBS 100c', 'KBS 100b', 'KBS 102', 'KBS 101', 'KBS 103']+ KBS 103,KBS 102,KBS 100c,KBS 100b,KBS 101+ KBS 101,KBS 103,KBS 102+ KBS 101,KBS 102,KBS 103,KBS 103a,KBS 104",nan+ nan+ S-Bahnhof Warschauer Straße+ S-Bahnhof Warschauer Straße+ S-Bahnhof Warschauer Straße
639,Warschauer Strasse,strassenbahn,['4'],"52.50502,13.44863",Q63490275,"82+ 3,4,82+ 82",S+U-Bahnhof Warschauer Straße (tram stop)+ S+U-Bahnhof Warschauer Straße (tram stop)+ S+U-Bahnhof Warschauer Straße (tram stop)
640,Wedding,s-bahn,['KBS 100'],"52.5425,13.3661",Q638604,"['KBS 100']+ ['KBS 100', 'KBS 103a']+ KBS 100c,KBS 103a,KBS 100+ KBS 100+ KBS 100a,KBS 100",nan+ nan+ Berlin-Wedding station+ Berlin-Wedding station+ Berlin-Wedding station
641,Weddingplatz,strassenbahn,['23'],"52.54152535588228, 13.369198549039789",,"['35', '25', '23']+ ['25', '23', '2']+ 25,2,35+ 2",nan+ nan+ Weddingplatz+ Weddingplatz
643,Weidendammbrücke,strassenbahn,['1'],"52.52180915595045, 13.38803351210133",,,
645,Weinmeisterstrasse,u-bahn,['D'],"52.525833333333,13.403888888889",Q661876,,
646,"Weißensee, Lanhansstrasse Antonplatz",strassenbahn,['8'],"52.5483375952431, 13.451022595064192",,,
647,"Weißensee, Rennbahnstrasse",strassenbahn,"['72', '60']","52.5573986,13.4656872",Q65954749,,
648,Weißenseer Weg Ecke Hohenschönhauser Strasse,strassenbahn,"['64', '8']","52.53611350861865, 13.47352780887088",,,
650,Weißkopfstrasse,strassenbahn,"['87', '95']","52.45771558617755, 13.542922007265371",,,
651,Wendenschloßstrasse Ecke Müggelheimer Strasse,strassenbahn,"['83', '95']","52.4429928,13.5812285",Q66095671,,
652,Werderscher markt,bus,['1'],"52.515291776252226, 13.397165241076786",,,
653,Wernerwerk,s-bahn,['KBS 100b'],"52.534863,13.27599",Q96077001,"['KBS 100b']+ ['KBS 100d']+ KBS 100c,KBS 100d+ KBS 100c+ KBS 100b",nan+ nan+ Berlin Wernerwerk station+ Berlin Wernerwerk station+ Berlin Wernerwerk station
654,Westend,s-bahn,['KBS 100'],"52.5181,13.2844",Q323214,"['KBS 100']+ ['KBS 100', 'KBS 100a']+ KBS 100c,KBS 100+ KBS 100+ KBS 100",nan+ nan+ Berlin-Westend station+ Berlin-Westend station+ Berlin-Westend station
655,Westkreuz,s-bahn,"['KBS 101', 'KBS 100', 'KBS 100c']","52.5011,13.2839",Q678125,"['KBS 102', 'KBS 101', 'KBS 103', 'KBS 100']+ ['KBS 100', 'KBS 102', 'KBS 101', 'KBS 100a', 'KBS 103']+ KBS 103,KBS 100,KBS 102,KBS 100c,KBS 101+ KBS 101,KBS 102,KBS 100+ KBS 100h,KBS 100,KBS 100g",nan+ nan+ Berlin Westkreuz station+ Berlin Westkreuz station+ Berlin Westkreuz station
656,Wiebestrasse,strassenbahn,['21'],"52.52581092392458, 13.318056678375148",,3,Wiebestrasse
657,Wildenbruchstrasse,strassenbahn,['6'],"52.48639151839982, 13.446372622487623",,,
658,Wilhelminenhofstrasse,strassenbahn,"['87', '95']","52.460837970970566, 13.521054382869073",,"69E,69+ 69+ 69,69E",Wilhelminenhofstrasse+ Wilhelminenhofstrasse+ Wilhelminenhofstrasse
659,Wilhelmsruh,s-bahn,['KBS 104'],"52.5814,13.3631",Q800495,['KBS 104']+ ['KBS 104']+ KBS 104+ KBS 106+ KBS 100e,nan+ nan+ Berlin-Wilhelmsruh station+ Berlin-Wilhelmsruh station+ Berlin-Wilhelmsruh station
660,"Wilhelmsruh, Hauptstrasse",strassenbahn,['141'],"52.59724375258745, 13.375518833120681",,"['36', '35']",nan
661,Wilmerdorfer Strasse,strassenbahn,['3'],"52.51152325911662, 13.305167369267663",,,
662,Wilmersdorf,s-bahn,['KBS 100'],"52.477658333333,13.328525",Q464094,"['KBS 100a', 'KBS 100']+ ['KBS 100', 'KBS 100a']+ KBS 100,KBS 100a+ KBS 100a,KBS 100+ KBS 100,KBS 100k",nan+ nan+ Berlin Bundesplatz station+ Berlin Bundesplatz station+ Berlin Bundesplatz station
663,"Wilmersdorf, Emser Platz",strassenbahn,['62'],"52.49218319473536, 13.319441513653306",,,
664,Wilmersdorfer Strasse,strassenbahn,['75'],"52.50669939613821, 13.306725743630913",,,
665,Wilmersdorfer Strasse,strassenbahn,['62'],"52.506692000645316, 13.306692426875525",,"76,44,75+ 75,76+ 75,76",Wilmersdorfer Strasse+ Wilmersdorfer Strasse+ Wilmersdorfer Strasse
666,Wilmersdorfer Strasse Ecke Kantstrasse,strassenbahn,['3'],"52.506693329632505, 13.306673473535692",,['75'],nan
667,Wilmersdorfer Strasse Ecke Kurfürstendamm,strassenbahn,"['75', '3', '62']","52.500032680363084, 13.307221456574052",,3,nan
668,Winterfeldtplatz,strassenbahn,['3'],"52.49469570502408, 13.355296138762895",,,
669,Wisbyer Strasse Ecke Bornholmerstrasse,strassenbahn,['8'],"52.553741695351356, 13.4145195643564",,,
670,Wisbyer Strasse Ecke Prenzlauer Allee,strassenbahn,['8'],"52.55125006657356, 13.430221096230662",,,
671,Wittenau,s-bahn,"['KBS 104', 'KBS 105']","52.597013,13.334329",Q111264319,,
672,"Wittenau, Nordbahnhof",strassenbahn,['68'],"52.599171465633574, 13.329074168703759",,,
673,Wittenbergplatz,u-bahn,"['A2', 'A', 'B2', 'A1']","52.501944444444,13.343055555556",Q692727,"['A I', 'B II', 'A II']+ ['B I', 'A I']+ B II,A I,B I,A II+ A II,A I,B II,B I+ A I,B III,A II",nan+ nan+ Wittenbergplatz metro station+ Wittenbergplatz metro station+ Wittenbergplatz metro station
674,Witzleben,s-bahn,['KBS 100'],"52.5078,13.2836",Q321266,"['KBS 100']+ ['KBS 100', 'KBS 100a']+ KBS 100c,KBS 100+ KBS 100+ KBS 100",nan+ nan+ Berlin Messe Nord/ICC station+ Berlin Messe Nord/ICC station+ Berlin Messe Nord/ICC station
675,Wollankstr.,s-bahn,"['KBS 104', 'KBS 105']","52.5651525,13.3923627",Q800515,"['KBS 105', 'KBS 104']+ KBS 105,KBS 104+ KBS 105,KBS 106+ KBS 100c,KBS 100e",nan+ Berlin Wollankstraße station+ Berlin Wollankstraße station+ Berlin Wollankstraße station
676,Wollankstrasse,strassenbahn,['23'],"52.56711840042508, 13.397494001474454",,,
678,"Pankow, Damerowstrasse",strassenbahn,"['24', '49']","52.57340426550783, 13.422144089868961",,,
677,Wollankstrasse Ecke Brehmestrasse,strassenbahn,"['199', '23', '24']","52.565015564441026, 13.39428238792138",,,
679,Yorckstr.,s-bahn,"['KBS 105a', 'KBS 103']","52.491777777778,13.372141666667",Q21776729,"['KBS 106', 'KBS 105b']+ ['KBS 106', 'KBS 105']+ KBS 106,KBS 105+ KBS 105,KBS 106+ KBS 100d,KBS 100c",nan+ nan+ Yorckstraße station+ Yorckstraße station+ Yorckstraße station
680,Yorckstrasse,strassenbahn,['3'],"52.492901206042376, 13.387766831697483",,99+ 96+ 96,Yorckstrasse Ecke Mehringdamm+ Yorckstrasse Ecke Mehringdamm+ Yorckstrasse Ecke Mehringdamm
681,Yorckstrasse Ecke Franz-Mehring-Strasse,strassenbahn,['3'],"52.49291034594189, 13.387669618853648",,,
682,Zehlendorf,s-bahn,['KBS 104a'],"52.4309,13.2584",Q737962,"['KBS 104', 'KBS 104a']+ ['KBS 104', 'KBS 104a']+ KBS 104a,KBS 104+ KBS 104,KBS 104a+ KBS 100f,KBS 100e",nan+ nan+ Berlin-Zehlendorf station+ Berlin-Zehlendorf station+ Berlin-Zehlendorf station
683,Zehlendorf West,s-bahn,['KBS 104a'],"52.4375,13.2325",Q315891,['KBS 104']+ ['KBS 104'],nan+ nan
684,"Zehlendorf, Rathaus",bus,"['17', '5']","52.433207520111885, 13.259531923613192",,,
685,Zepernick,s-bahn,['KBS 103'],"52.6598,13.5342",Q801657,,
686,Zoo,u-bahn,['A1'],"52.507222222222,13.3325",Q681785,,
687,Zoologischer Garten,s-bahn,"['KBS 101', 'KBS 100c']","52.507222222222,13.3325",Q111326238,"['KBS 101', 'KBS 103', 'KBS 102']+ ['KBS 102', 'KBS 101', 'KBS 103']+ KBS 102,KBS 103,KBS 101+ KBS 101,KBS 102+ KBS 100h,KBS 100g,KBS 100k",nan+ nan+ S-Bahnhof Berlin Zoologischer Garten+ S-Bahnhof Berlin Zoologischer Garten+ S-Bahnhof Berlin Zoologischer Garten
688,"Landsberger Allee, Steuerhaus",strassenbahn,"['64', '69']","52.52951766684918, 13.460423477637198",,,