stop_name,type,line_name,stop_id,location,identifier
Schillingbrücke (Ostbahnhof),tram,1,19600_unified,,
U-Bhf. Strausbergerplatz,tram,1,19601_unified,,
Stalinallee,tram,1,19602_unified,,
Leninplatz,tram,1,19603_unified,,
"Alexanderplats, Memhardstr.",tram,1,19604_unified,,
Rosenthalerplatz,tram,1,19605_unified,,
Brunnen Ecke Invalidenstr.,tram,1,19606_unified,,
Invalidenstr. Ecke Chausseestr.,tram,1,19607_unified,,
"Weidendammbrücke, Bhf. Friedrichstr.",tram,1,19608_unified,,
Am Kupfergraben,tram,1,19609_unified,,
Köpenickerstr. Ecke Adalbertstr.,tram,11,196010_unified,,
Bhf. Jannowitzbrücke,tram,11,196011_unified,,
"Alexanderplatz, Memhardstr.",tram,11,196012_unified,,
Rosenthalerplatz,tram,11,196013_unified,,
Brunnen Ecke Invalidenstr.,tram,11,196014_unified,,
Invalidenstr. Ecke Chausseestr.,tram,11,196015_unified,,
"Oranienburger Tor, Hannoverschestr.",tram,11,196016_unified,,
"Klingenberg, Blockdammweg",tram,13,196017_unified,,
Karlshorsterstr.,tram,13,196018_unified,,
Holteistr.,tram,13,196019_unified,,
Frankfurter Tor/Stalinallee,tram,13,196020_unified,,
Bersarinplatz,tram,13,196021_unified,,
Leninallee,tram,13,196022_unified,,
Kniprodestr.,tram,13,196023_unified,,
Greifswalderstr.,tram,13,196024_unified,,
Prenzlauerallee,tram,13,196025_unified,,
U-Bhf. Dimitroffstr.,tram,13,196026_unified,,
Oderbergerstr.,tram,13,196027_unified,,
Daimlerstr.,tram,15,196028_unified,,
Bhf. Marienfelde,tram,15,196029_unified,,
Körtingstr.,tram,15,196030_unified,,
Mariendorferdamm,tram,15,196031_unified,,
Imbrosweg,tram,15,196032_unified,,
Mariendorfer Friedhof,tram,15,196033_unified,,
Industriestr.,tram,15,196034_unified,,
Germaniastr.,tram,15,196035_unified,,
Frauenklinik,tram,15,196036_unified,,
Hermannstr.,tram,15,196037_unified,,
U-Bhf. Neukölln,tram,15,196038_unified,,
Richardstr.,tram,15,196039_unified,,
Bhf. Sonnenallee,tram,15,196040_unified,,
Dammweg,tram,15,196041_unified,,
Schulenburgpark,tram,15,196042_unified,,
Wollinerstr.,tram,2,196043_unified,,
Voltastr.,tram,2,196044_unified,,
Weddingplatz,tram,2,196045_unified,,
Rathenowerstr.,tram,2,196046_unified,,
Stromstr.,tram,2,196047_unified,,
Gotzkowskybrücke,tram,2,196048_unified,,
U-Bhf. Ernst-Reuter-Platz,tram,2,196049_unified,,
Bhf. Zoo,tram,2,196050_unified,,
Wittenbergplatz,tram,2,196051_unified,,
Potsdamerstr.,tram,2,196052_unified,,
Bhf. Yorckstr.,tram,2,196053_unified,,
Mehringdamm,tram,2,196054_unified,,
Südstern,tram,2,196055_unified,,
Hermannplatz,tram,2,196056_unified,,
Spreewaldplatz,tram,2,196057_unified,,
Bhf. Rosenthal,tram,22,196058_unified,,
Nordendstr.,tram,22,196059_unified,,
Kurt-Fischer-Platz,tram,22,196060_unified,,
"Pankow, Rathaus",tram,22,196061_unified,,
"Pankow, Kirche",tram,22,196062_unified,,
U-Bhf. Vinestr.,tram,22,196063_unified,,
S-Bhf. Schönhauserallee,tram,22,196064_unified,,
U-Bhf. Dimitroffstr.,tram,22,196065_unified,,
Rosenthalerplatz,tram,22,196066_unified,,
"Alexanderplatz, Memhardstr.",tram,22,196067_unified,,
Elisabethstr.,tram,22,196068_unified,,
Wollinerstr.,tram,25,196069_unified,,
Rügenerstr.,tram,25,196070_unified,,
Bhf. Gesundbrunnen,tram,25,196071_unified,,
Nauenerplatz,tram,25,196072_unified,,
Weddingplatz,tram,25,196073_unified,,
Augustenburgerplatz,tram,25,196074_unified,,
Turmstr.,tram,25,196075_unified,,
Gotzkowskystr.,tram,25,196076_unified,,
U-Bhf. Ernst-Reuter-Platz,tram,25,196077_unified,,
Bhf. Zoo,tram,25,196078_unified,,
Wittenbergplatz,tram,25,196079_unified,,
Wartburgplatz,tram,25,196080_unified,,
Rathaus Schöneberg,tram,25,196081_unified,,
Hauptstr.,tram,25,196082_unified,,
Gotenstr.,tram,25,196083_unified,,
Spreewaldplatz,tram,26,196084_unified,,
Reichenbergerstr.,tram,26,196085_unified,,
Glogauerstr.,tram,26,196086_unified,,
Sonnenallee,tram,26,196087_unified,,
Hermannplatz,tram,26,196088_unified,,
Weichselstr.,tram,26,196089_unified,,
Rathaus Neukölln,tram,26,196090_unified,,
Saltykowstr.,tram,26,196091_unified,,
Karl-Marx-Platz,tram,26,196092_unified,,
Silbersteinstr.,tram,26,196093_unified,,
Hermannstr.,tram,26,196094_unified,,
Städtische Frauenklinik,tram,26,196095_unified,,
Germaniastr.,tram,26,196096_unified,,
Bhf. Teltowkanal,tram,26,196097_unified,,
Industriestr.,tram,26,196098_unified,,
Hobrechtstr.,tram,27,196099_unified,,
Hasenheide,tram,27,1960100_unified,,
U-Bhf. Boddinstr.,tram,27,1960101_unified,,
U-Bhf. Leinestr.,tram,27,1960102_unified,,
Bhf. Hermannstr.,tram,27,1960103_unified,,
Mariendorferweg,tram,27,1960104_unified,,
Germaniapromenade,tram,27,1960105_unified,,
Franz-Körnerstr.,tram,27,1960106_unified,,
Gradestr.,tram,27,1960107_unified,,
Tempelhoferweg,tram,27,1960108_unified,,
Mariendorferallee,tram,27,1960109_unified,,
Gutschmidstr.,tram,27,1960110_unified,,
Kleinbahn,tram,27,1960111_unified,,
Dacchdeckerweg,tram,27,1960112_unified,,
Parkfriedhof Neukölln,tram,27,1960113_unified,,
Alt-Buckow,tram,27,1960114_unified,,
Mühlenstr.,tram,3,1960115_unified,,
Bhf. Warschauer Brücke,tram,3,1960116_unified,,
Boxhagenerstr.,tram,3,1960117_unified,,
Bhf. Stalineallee,tram,3,1960118_unified,,
Roederplatz,tram,3,1960119_unified,,
Hohenschönhauserstr.,tram,3,1960120_unified,,
Klement-Gottwald-Allee/Lichtenbergerstr.,tram,3,1960121_unified,,
Antonplatz,tram,3,1960122_unified,,
Prenzlauer Promenade,tram,3,1960123_unified,,
Schönhauserallee,tram,3,1960124_unified,,
Björnsonstr.,tram,3,1960125_unified,,
Hobrechtstr.,tram,3,1960126_unified,,
U-Bhf. Südstern,tram,3,1960127_unified,,
Mehringdamm,tram,3,1960128_unified,,
Potsdamerstr.,tram,3,1960129_unified,,
Martin-Lutherstr.,tram,3,1960130_unified,,
Bundesallee Ecke Berlinerstr.,tram,3,1960131_unified,,
Fehrbellinerplatz,tram,3,1960132_unified,,
Kurfürstendamm,tram,3,1960133_unified,,
Otto-Suhr-Allee,tram,3,1960134_unified,,
Osnabrückerstr.,tram,3,1960135_unified,,
Wiebestr.,tram,3,1960136_unified,,
Bhf. Beusselstr.,tram,3,1960137_unified,,
Schwedenstr.,tram,3,1960138_unified,,
Grüntalerstr.,tram,3,1960139_unified,,
Nonnendammallee,tram,35,1960140_unified,,
Quellweg,tram,35,1960141_unified,,
Bhf. Jungfernheide,tram,35,1960142_unified,,
Tauroggenerstr.,tram,35,1960143_unified,,
Wiebestr./Huttenstr.,tram,35,1960144_unified,,
Stromstr.,tram,35,1960145_unified,,
Rathenowerstr.,tram,35,1960146_unified,,
Weddingplatz,tram,35,1960147_unified,,
Nettelbeckplatz,tram,35,1960148_unified,,
Nauenerplatz,tram,35,1960149_unified,,
Osloerstr.,tram,35,1960150_unified,,
Pankowerallee,tram,35,1960151_unified,,
Kopenhagenerstr.,tram,35,1960152_unified,,
Bhf. Wilhelmsruh,tram,35,1960153_unified,,
Mühlenstr.,tram,4,1960154_unified,,
Bhf. Warschauer Brücke,tram,4,1960155_unified,,
Grünbergerstr.,tram,4,1960156_unified,,
Frankfurter Tor/Stalinallee,tram,4,1960157_unified,,
Bersarinplatz,tram,4,1960158_unified,,
Leninallee,tram,4,1960159_unified,,
Kniprodestr.,tram,4,1960160_unified,,
Greifswalderstr.,tram,4,1960161_unified,,
Prenzlauerallee,tram,4,1960162_unified,,
U-Bhf. Dimitroffstr.,tram,4,1960163_unified,,
Oderbergerstr.,tram,4,1960164_unified,,
Sandkrugbrücke,tram,44,1960165_unified,,
Stromstr.,tram,44,1960166_unified,,
Gotzkowskystr.,tram,44,1960167_unified,,
U-Bhf. Ernst-Reuter-Platz,tram,44,1960168_unified,,
Wilmersdorferstr.,tram,44,1960169_unified,,
Kantstr.,tram,44,1960170_unified,,
Kurfürstendamm,tram,44,1960171_unified,,
Fehrbellinerplatz,tram,44,1960172_unified,,
Hildegardstr.,tram,44,1960173_unified,,
Bundesplatz,tram,44,1960174_unified,,
Schlossstr.,tram,44,1960175_unified,,
Rathaus Steglitz,tram,44,1960176_unified,,
Bhf. Steglitz,tram,44,1960177_unified,,
Schützenstr.,tram,44,1960178_unified,,
Birkbuschstr.,tram,44,1960179_unified,,
"Niederschönhausen, Schillerstr.",tram,46,1960180_unified,,
Nordend,tram,46,1960181_unified,,
Ossietzkyplatz,tram,46,1960182_unified,,
Kurt-Fischer-Platz,tram,46,1960183_unified,,
"Pankow, Rathaus",tram,46,1960184_unified,,
"Pankow, Kirche",tram,46,1960185_unified,,
U-Bhf. Vinetastr.,tram,46,1960186_unified,,
S-Bhf. Schönhauserallee,tram,46,1960187_unified,,
U-Bhf. Dimitroffstr.,tram,46,1960188_unified,,
Brunnenstr.,tram,46,1960189_unified,,
Invalidenstr. Ecke Chausseestr.,tram,46,1960190_unified,,
Oranienburger Tor,tram,46,1960191_unified,,
"Weidendammbrücke, Bhf. Friedrichstr.",tram,46,1960192_unified,,
Clara-Zetkinstr.,tram,46,1960193_unified,,
"Niederschönhausen, Idastr. Bzw. Nordend",tram,46E,1960194_unified,,
Ossietzkyplatz,tram,46E,1960195_unified,,
Kurt-Fischer-Platz,tram,46E,1960196_unified,,
"Pankow, Rathaus",tram,46E,1960197_unified,,
"Pankow, Kirche",tram,46E,1960198_unified,,
U-Bhf. Vinetastr.,tram,46E,1960199_unified,,
S-Bhf. Schönhauserallee,tram,46E,1960200_unified,,
U-Bhf. Dimitroffstr.,tram,46E,1960201_unified,,
Brunnenstr.,tram,46E,1960202_unified,,
Invalidenstr. Ecke Chausseestr.,tram,46E,1960203_unified,,
"Oranienburger Tor, Hannoverschestr.",tram,46E,1960204_unified,,
Hermannplatz,tram,47,1960205_unified,,
Weichselstr.,tram,47,1960206_unified,,
Rathaus Neukölln,tram,47,1960207_unified,,
Karl-Marx-Platz,tram,47,1960208_unified,,
U-Bhf. Neukölln,tram,47,1960209_unified,,
Silbersteinstr.,tram,47,1960210_unified,,
U-Bhf. Grenzallee,tram,47,1960211_unified,,
Buschkrug,tram,47,1960212_unified,,
Onkel-Hersestr.,tram,47,1960213_unified,,
Parchimerallee,tram,47,1960214_unified,,
Krankenhause Neukölln,tram,47,1960215_unified,,
Johannisthalerchaussee,tram,47,1960216_unified,,
Wildmeisterdamm,tram,47,1960217_unified,,
Stubenrauchstr.,tram,47,1960218_unified,,
Köpenickerstr.,tram,47,1960219_unified,,
Bahnhofstr.,tram,47,1960220_unified,,
"Buchholz, Hauptstr.",tram,49,1960221_unified,,
Blankenburger Weiche,tram,49,1960222_unified,,
S-Bhf. Pankow-Heinersdorf,tram,49,1960223_unified,,
"Pankow, Kirche",tram,49,1960224_unified,,
U-Bhf. Vinetastr.,tram,49,1960225_unified,,
S-Bhf. Schönhauserallee,tram,49,1960226_unified,,
U-Bhf. Dimitroffstr.,tram,49,1960227_unified,,
Rosenthalerplatz,tram,49,1960228_unified,,
"Hackescher Markt, Große Präsidentenstr.",tram,49,1960229_unified,,
Nollendorfplatz,tram,53,1960230_unified,,
Wittenbergplatz,tram,53,1960231_unified,,
Bhf. Zoo,tram,53,1960232_unified,,
U-Bhf. Reuter-Platz,tram,53,1960233_unified,,
Richard-Wagner-Platz,tram,53,1960234_unified,,
Luisenplatz,tram,53,1960235_unified,,
Königin-Elisabethstr.,tram,53,1960236_unified,,
Kirschenallee,tram,53,1960237_unified,,
Schloss Ruhwald,tram,53,1960238_unified,,
U-Bhf. Ruhleben,tram,53,1960239_unified,,
Teltowerstr.,tram,53,1960240_unified,,
"Spandau, Markt",tram,53,1960241_unified,,
Carl-Schurzstr.,tram,53,1960242_unified,,
Hafenplatz,tram,53,1960243_unified,,
Hohenzollernring,tram,53,1960244_unified,,
Hakenfelde,tram,53,1960245_unified,,
Nollendorfplatz,tram,54,1960246_unified,,
Wittenbergplatz,tram,54,1960247_unified,,
Bhf. Zoo,tram,54,1960248_unified,,
U-Bhf. Ernst-Reuter-Platz,tram,54,1960249_unified,,
Richard-Wagner-Platz,tram,54,1960250_unified,,
Luisenplatz,tram,54,1960251_unified,,
Königin-Elisabethstr.,tram,54,1960252_unified,,
Kirschenallee,tram,54,1960253_unified,,
Schloss Ruhwald,tram,54,1960254_unified,,
U-Bhf. Ruhleben,tram,54,1960255_unified,,
Teltowerstr.,tram,54,1960256_unified,,
"Spandau, Markt",tram,54,1960257_unified,,
Carl-Schurzstr.,tram,54,1960258_unified,,
Hafenplatz,tram,54,1960259_unified,,
Hohenzollernring,tram,54,1960260_unified,,
Johannesstift,tram,54,1960261_unified,,
Nollendorfplatz,tram,55,1960262_unified,,
Wittenbergplatz,tram,55,1960263_unified,,
Bhf. Zoo,tram,55,1960264_unified,,
U-Bhf. Ernst-Reuter-Platz,tram,55,1960265_unified,,
Cauerstr.,tram,55,1960266_unified,,
Richard-Wagner-Platz,tram,55,1960267_unified,,
Luisenplatz,tram,55,1960268_unified,,
Osnabrückerstr.,tram,55,1960269_unified,,
Bhf. Jungfernheide,tram,55,1960270_unified,,
Siemensplatz,tram,55,1960271_unified,,
Quellweg,tram,55,1960272_unified,,
Paulsternstr.,tram,55,1960273_unified,,
Zitadellenweg,tram,55,1960274_unified,,
"Spandau, Markt",tram,55,1960275_unified,,
Rathaus Spandau,tram,55,1960276_unified,,
Nauenerstr.,tram,55,1960277_unified,,
Wintersteinstr.,tram,6,1960278_unified,,
U-Bhf. Ernst-Reuter-Platz,tram,6,1960279_unified,,
Bhf. Zoo,tram,6,1960280_unified,,
Wittenbergplatz,tram,6,1960281_unified,,
Rathaus Schöneberg,tram,6,1960282_unified,,
Hauptstr.,tram,6,1960283_unified,,
Bhf. Papestr.,tram,6,1960284_unified,,
Tempelhoferdamm,tram,6,1960285_unified,,
Gottlieb-Dunkelstr.,tram,6,1960286_unified,,
Britzerdamm,tram,6,1960287_unified,,
Buschkrug,tram,6,1960288_unified,,
U-Bhf. Grenzallee,tram,6,1960289_unified,,
Bhf. Neukölln,tram,6,1960290_unified,,
Rathaus Neukölln,tram,6,1960291_unified,,
Elsenstr.,tram,6,1960292_unified,,
Königin-Elisabethstr.,tram,60,1960293_unified,,
Spandauerdamm,tram,60,1960294_unified,,
Klausenerplatz,tram,60,1960295_unified,,
Schloßstr. Ecke Spandauerdamm,tram,60,1960296_unified,,
Kaiser-Friedrichstr.,tram,60,1960297_unified,,
Stuttgarterplatz,tram,60,1960298_unified,,
Kurfürstendamm,tram,60,1960299_unified,,
Fehrbellinerplatz,tram,60,1960300_unified,,
Bundesallee Ecke Berlinerstr.,tram,60,1960301_unified,,
Martin-Lutherstr.,tram,60,1960302_unified,,
Rathaus Schöneberg,tram,60,1960303_unified,,
Hauptstr. (Schöneberg),tram,60,1960304_unified,,
Bhf. Papestr.,tram,60,1960305_unified,,
Bosestr.,tram,60,1960306_unified,,
Eythstr.,tram,60,1960307_unified,,
"Hohenschönhausen, Gartenstadt",tram,63,1960308_unified,,
Falkenbergerstr. Ecke Wartenbergerstr.,tram,63,1960309_unified,,
Degnerstr.,tram,63,1960310_unified,,
Weißenseerweg,tram,63,1960311_unified,,
Steuerhaus,tram,63,1960312_unified,,
Dimitroffstr.,tram,63,1960313_unified,,
Leninplatz,tram,63,1960314_unified,,
"Alexanderplatz, Memhardstr.",tram,63,1960315_unified,,
"Hackescher Markt, Große Präsidentenstr.",tram,63,1960316_unified,,
"Hohenschönhausen, Falkenbergerstr.",tram,64,1960317_unified,,
Degnerstr.,tram,64,1960318_unified,,
Weißenseerweg,tram,64,1960319_unified,,
Steuerhaus,tram,64,1960320_unified,,
Dimitroffstr.,tram,64,1960321_unified,,
Leninplatz,tram,64,1960322_unified,,
"Alexanderplatz, Grunestr.",tram,64,1960323_unified,,
Jacobystr.,tram,64,1960324_unified,,
U-Bhf. Neanderstr.,tram,64,1960325_unified,,
Spittelmarkt,tram,64,1960326_unified,,
Dönhoffplatz,tram,64,1960327_unified,,
Belzigerstr.,tram,66,1960328_unified,,
Hauptstr. (Schöneberg),tram,66,1960329_unified,,
Innsbruckerplatz,tram,66,1960330_unified,,
Traegerstr.,tram,66,1960331_unified,,
Ceciliengärten,tram,66,1960332_unified,,
Rembrandtstr.,tram,66,1960333_unified,,
Canovastr. (Krankenhaus),tram,66,1960334_unified,,
Thorwaldsenstr.,tram,66,1960335_unified,,
Bergstr.,tram,66,1960336_unified,,
"Johannisthal, Haeckelstr.",tram,69,1960337_unified,,
Königsweide,tram,69,1960338_unified,,
Bhf. Schöneweide,tram,69,1960339_unified,,
Wilhelminenhofstr.,tram,69,1960340_unified,,
S-Bhf. Karlshorst,tram,69,1960341_unified,,
Hochschule für Ökonomie,tram,69,1960342_unified,,
Tierpark Berlin,tram,69,1960343_unified,,
Schlossstr. Ecke Alt-Friedrichsfelde,tram,69,1960344_unified,,
Bhf. Lichtenberg,tram,69,1960345_unified,,
"BVG-Bf. Lichtenberg, Siegfriedstr.",tram,69,1960346_unified,,
Klubhaus VEB Elektrokohle,tram,69,1960347_unified,,
Roederplatz,tram,69,1960348_unified,,
Steuerhaus,tram,69,1960349_unified,,
Dimitroffstr.,tram,69,1960350_unified,,
Leninplatz,tram,69,1960351_unified,,
"Alexanderplatz, Memhardstr.",tram,69,1960352_unified,,
Hackescher Markt,tram,69,1960353_unified,,
Oranienburger Tor,tram,69,1960354_unified,,
Invalidenstr. Ecke Chausseestr.,tram,69,1960355_unified,,
Walter-Ulbricht-Stadion,tram,69,1960356_unified,,
"Johannisthal, Haeckelstr.",tram,69E,1960357_unified,,
Königsweide,tram,69E,1960358_unified,,
Bhf. Schöneweide,tram,69E,1960359_unified,,
Wilhelminenhofstr.,tram,69E,1960360_unified,,
S-Bhf. Karlshorst,tram,69E,1960361_unified,,
Hochschule für Ökonomie,tram,69E,1960362_unified,,
Tierpark Berlin,tram,69E,1960363_unified,,
Schlossstr. Ecke Alt-Friedrichsfelde,tram,69E,1960364_unified,,
Bhf. Lichtenberg,tram,69E,1960365_unified,,
"BVG-Bf. Lichtenberg, Siegfriedstr.",tram,69E,1960366_unified,,
Klubhaus VEB Elektrokohle,tram,69E,1960367_unified,,
Roederplatz,tram,69E,1960368_unified,,
Steuerhaus,tram,69E,1960369_unified,,
Dimitroffstr.,tram,69E,1960370_unified,,
Kniprodestr.,tram,69E,1960371_unified,,
"Hohenschönhausen, Falkenbergerstr.",tram,70,1960372_unified,,
Stadion Buschallee,tram,70,1960373_unified,,
Buschallee Ecke Klement-Gottwald-Allee,tram,70,1960374_unified,,
Antonplatz,tram,70,1960375_unified,,
Prenzlauer Promenade,tram,70,1960376_unified,,
Humannplatz,tram,70,1960377_unified,,
U-Bhf. Dimitroffstr.,tram,70,1960378_unified,,
Brunnenstr.,tram,70,1960379_unified,,
Invalidenstr. Ecke Chausseestr.,tram,70,1960380_unified,,
Oranienburger Tor,tram,70,1960381_unified,,
"Weidendammbrücke, Bhf. Friedrichstr.",tram,70,1960382_unified,,
Am Kupfergraben (Haus der Frau),tram,70,1960383_unified,,
"Heinersdorf, Romain-Rollandstr.",tram,71,1960384_unified,,
"Heinersdorf, Kirche",tram,71,1960385_unified,,
Am Steinberg,tram,71,1960386_unified,,
Prenzlauerallee Ecke Wisbyerstr.,tram,71,1960387_unified,,
S-Bhf. Prenzlauerallee,tram,71,1960388_unified,,
Dimitroffstr.,tram,71,1960389_unified,,
Saarbrückerstr.,tram,71,1960390_unified,,
Prenzlauer Tor,tram,71,1960391_unified,,
"Alexanderplatz, Grunerstr.",tram,71,1960392_unified,,
"Jüdenstr., Molkenmarkt",tram,71,1960393_unified,,
"Weißensee, Pasedagplatz",tram,72,1960394_unified,,
Klement-Gottwald-Allee Ecke Bernkastelerstr.,tram,72,1960395_unified,,
Antonplatz,tram,72,1960396_unified,,
Prenzlauer Promenade,tram,72,1960397_unified,,
S-Bhf. Prenzlauerallee,tram,72,1960398_unified,,
Dimitroffstr.,tram,72,1960399_unified,,
Saarbrückerstr.,tram,72,1960400_unified,,
Prenzlauer Tor,tram,72,1960401_unified,,
"Alexanderplatz, Grunerstr.",tram,72,1960402_unified,,
"Jüdenstr., Molkenmarkt",tram,72,1960403_unified,,
Spittelmarkt,tram,72,1960404_unified,,
Taubenstr.,tram,72,1960405_unified,,
Bhf. Lichterfelde-Ost,tram,73,1960406_unified,,
Wiesenbaude,tram,73,1960407_unified,,
Moltkestr.,tram,73,1960408_unified,,
Schlossstr.,tram,73,1960409_unified,,
Rathaus Steglitz,tram,73,1960410_unified,,
Bundesallee,tram,73,1960411_unified,,
Kaisereiche,tram,73,1960412_unified,,
Lauterplatz,tram,73,1960413_unified,,
Innsbruckerplatz,tram,73,1960414_unified,,
Dominicusstr.,tram,73,1960415_unified,,
Albertstr.,tram,73,1960416_unified,,
Kaiser-Wilhelm-Platz,tram,73,1960417_unified,,
U-Bhf. Bülowstr.,tram,73,1960418_unified,,
Lützowstr.,tram,73,1960419_unified,,
Potsdamerplatz,tram,73,1960420_unified,,
Finckensteinallee,tram,74,1960421_unified,,
Wiesenbaude,tram,74,1960422_unified,,
Moltkestr.,tram,74,1960423_unified,,
Schlossstr.,tram,74,1960424_unified,,
Rathaus Steglitz,tram,74,1960425_unified,,
Bundesallee,tram,74,1960426_unified,,
Kaisereiche,tram,74,1960427_unified,,
Lauterplatz,tram,74,1960428_unified,,
Innsbruckerplatz,tram,74,1960429_unified,,
Dominicusstr.,tram,74,1960430_unified,,
Albertstr.,tram,74,1960431_unified,,
Kaiser-Wilhelm-Platz,tram,74,1960432_unified,,
U-Bhf. Bülowstr.,tram,74,1960433_unified,,
Lützowstr.,tram,74,1960434_unified,,
Potsdamerplatz,tram,74,1960435_unified,,
"Weißensee, Pasedagplatz",tram,74,1960436_unified,,
BVG-Bf. Weißensee,tram,74,1960437_unified,,
Klement-Gottwald-Allee Ecke Bernkastelerstr.,tram,74,1960438_unified,,
Antonplatz,tram,74,1960439_unified,,
S-Bhf. Greifswalderstr.,tram,74,1960440_unified,,
Dimitroffstr.,tram,74,1960441_unified,,
Königstor,tram,74,1960442_unified,,
"Alexanderplatz, Grunerstr.",tram,74,1960443_unified,,
"Jüdenstr., Molkenmarkt",tram,74,1960444_unified,,
Spittelmarkt,tram,74,1960445_unified,,
Leipzigerplatz,tram,74,1960446_unified,,
Klement-Gottwald-Allee,tram,74E,1960447_unified,,
Antonplatz,tram,74E,1960448_unified,,
S-Bhf. Greifswalderstr.,tram,74E,1960449_unified,,
Dimitroffstr.,tram,74E,1960450_unified,,
Königstor,tram,74E,1960451_unified,,
"Alexanderplatz, Grunerstr.",tram,74E,1960452_unified,,
"Jüdenstr., Molkenmarkt",tram,74E,1960453_unified,,
"Bhf. Zoo, Kantstr.",tram,75,1960454_unified,,
Wilmersdorferstr.,tram,75,1960455_unified,,
Amtsgericht,tram,75,1960456_unified,,
Messedamm,tram,75,1960457_unified,,
Reichskanzlerplatz,tram,75,1960458_unified,,
Bhf. Heerstr.,tram,75,1960459_unified,,
Reichssportfeldstr.,tram,75,1960460_unified,,
Stößenseebrücke,tram,75,1960461_unified,,
Pichelsdorferstr.,tram,75,1960462_unified,,
"Weverstr., Strassenbahnhof",tram,75,1960463_unified,,
Seeburgerstr.,tram,75,1960464_unified,,
Rathaus Spandau,tram,75,1960465_unified,,
"Spandau, Markt",tram,75,1960466_unified,,
Hafenplatz,tram,75,1960467_unified,,
Hohenzollernring,tram,75,1960468_unified,,
Hakenfelde,tram,75,1960469_unified,,
"Spandau, Johannesstift",tram,76,1960470_unified,,
Hohenzollernring,tram,76,1960471_unified,,
Hafenplatz,tram,76,1960472_unified,,
"Spandau, Markt",tram,76,1960473_unified,,
Rathaus Spandau,tram,76,1960474_unified,,
Seeburgerstr.,tram,76,1960475_unified,,
"Weverstr., Strassenbahnhof",tram,76,1960476_unified,,
Pichelsdorferstr.,tram,76,1960477_unified,,
Stössenseebrücke,tram,76,1960478_unified,,
Reichssportfeldstr.,tram,76,1960479_unified,,
Bhf. Heerstr.,tram,76,1960480_unified,,
Reichskanzlerplatz,tram,76,1960481_unified,,
Messedamm,tram,76,1960482_unified,,
Amtsgericht,tram,76,1960483_unified,,
Wilmersdorferstr.,tram,76,1960484_unified,,
Kanststr. Ecke Joachimsthalerstr.,tram,76,1960485_unified,,
Bhf. Zoo,tram,77,1960486_unified,,
Wittenbergplatz,tram,77,1960487_unified,,
Grunewaldstr.,tram,77,1960488_unified,,
Bundesallee Ecke Berlinerstr.,tram,77,1960489_unified,,
Bundesplatz,tram,77,1960490_unified,,
Friedrich-Wilhelm-Platz,tram,77,1960491_unified,,
Schlossstr.,tram,77,1960492_unified,,
Rathaus Steglitz,tram,77,1960493_unified,,
Hindenburgdamm,tram,77,1960494_unified,,
Bhf. Botanischer Garten,tram,77,1960495_unified,,
Bhf. Lichterfelde-West,tram,77,1960496_unified,,
Rittberg-Krankenhaus,tram,77,1960497_unified,,
Wismarerstr.,tram,77,1960498_unified,,
Goerzallee,tram,77,1960499_unified,,
Bhf. Zoo,tram,78,1960500_unified,,
Wittenbergplatz,tram,78,1960501_unified,,
Grunewaldstr.,tram,78,1960502_unified,,
Bundesallee Ecke Berlinerstr.,tram,78,1960503_unified,,
Bundesplatz,tram,78,1960504_unified,,
Friedrich-Wilhelm-Platz,tram,78,1960505_unified,,
Schlossstr.,tram,78,1960506_unified,,
Rathaus Steglitz,tram,78,1960507_unified,,
Hindenburgdamm,tram,78,1960508_unified,,
Bhf. Botanischer Garten,tram,78,1960509_unified,,
Bhf. Lichterfelde-West,tram,78,1960510_unified,,
Rittberg-Krankenhaus,tram,78,1960511_unified,,
Goerzallee,tram,78,1960512_unified,,
Lichterfelde Süd Lindenstr.,tram,78,1960513_unified,,
"Mahlsdorf-Süd, Hubertus",tram,82,1960514_unified,,
S-Bhf. Köpenick,tram,82,1960515_unified,,
Bahnhofstr. Ecke Lindenstr.,tram,82,1960516_unified,,
Parkstr.,tram,82,1960517_unified,,
Wilhelminenhof- Ecke Edisonstr.,tram,82,1960518_unified,,
Treskowallee Ecke Ehrlichstr.,tram,82,1960519_unified,,
Blockdammweg Ecke Köpenickerchaussee,tram,82,1960520_unified,,
Hauptstr. Ecke Karlshorsterstr.,tram,82,1960521_unified,,
S-Bhf. Ostkreuz,tram,82,1960522_unified,,
Stralauerallee Ecke Markgrafendamm,tram,82,1960523_unified,,
Warschauerstr.,tram,82,1960524_unified,,
Ostbahnhof,tram,82,1960525_unified,,
Andreasstr.,tram,82,1960526_unified,,
Blumenstr./Schicklerstr.,tram,82,1960527_unified,,
"Alexanderplatz, Grunerstr.",tram,82,1960528_unified,,
Elisabethstr.,tram,82,1960529_unified,,
Wendenschloß Ecke Ekhofstr.,tram,83,1960530_unified,,
Strassenbahnhof Köpenick,tram,83,1960531_unified,,
Schüßlerplatz,tram,83,1960532_unified,,
Lindenstr. Ecke Bahnhofstr.,tram,83,1960533_unified,,
S-Bhf. Köpenick,tram,83,1960534_unified,,
Uhlenhorst,tram,83,1960535_unified,,
Mahlsdorf-Süd,tram,83,1960536_unified,,
Hubertus,tram,83,1960537_unified,,
Bütowerstr.,tram,83,1960538_unified,,
S-Bhf. Mahlsdorf,tram,83,1960539_unified,,
"Altglienicke, Am Falkenberg",tram,84,1960540_unified,,
Köpenickerstr.,tram,84,1960541_unified,,
Benzolwerk,tram,84,1960542_unified,,
S-Bhf. Adlershof,tram,84,1960543_unified,,
Marktplatz,tram,84,1960544_unified,,
S-Bhf. Spindlersfeld,tram,84,1960545_unified,,
Köllnischerplatz,tram,84,1960546_unified,,
Schüßlerplatz,tram,84,1960547_unified,,
Lindenstr. Ecke Bahnhofstr.,tram,84,1960548_unified,,
Seelenbinderstr.,tram,84,1960549_unified,,
Hirschgarten,tram,84,1960550_unified,,
Fürstenwalderdamm,tram,84,1960551_unified,,
S-Bhf. Friedrichshagen,tram,84,1960552_unified,,
Brauerei,tram,84,1960553_unified,,
"Friedrichshagen, Wasserwerk",tram,84,1960554_unified,,
Alt-Schmöckwitz,tram,86,1960555_unified,,
Vetschauerallee,tram,86,1960556_unified,,
Richtershorn,tram,86,1960557_unified,,
Regattahäuser,tram,86,1960558_unified,,
Bhf. Grünau,tram,86,1960559_unified,,
Chemische Fabrik,tram,86,1960560_unified,,
Vollkropfgraben,tram,86,1960561_unified,,
Köllnischerplatz,tram,86,1960562_unified,,
Schüßlerplatz,tram,86,1960563_unified,,
Lindenstr. Ecke Bahnhofstr.,tram,86,1960564_unified,,
S-Bhf. Köpenick,tram,86,1960565_unified,,
Uhlenhorst,tram,86,1960566_unified,,
"Mahlsdorf-Süd, Hubertus",tram,86,1960567_unified,,
Rahnsdorf,tram,87,1960568_unified,,
S-Bhf. Friedrichshagen,tram,87,1960569_unified,,
Hirschgarten,tram,87,1960570_unified,,
Bahnhofstr. Ecke Lindenstr.,tram,87,1960571_unified,,
Parkstr.,tram,87,1960572_unified,,
Wilhelminenhofstr. Ecke Edisonstr.,tram,87,1960573_unified,,
Bhf. Schöneweide,tram,87,1960574_unified,,
Köpenicker Landstr. Ecke Baumschulenstr.,tram,87,1960575_unified,,
Am Treptower Park Ecke Bulgarischestr.,tram,87,1960576_unified,,
Elsenstr.,tram,87,1960577_unified,,
Wiener Brücke,tram,87,1960578_unified,,
Stadtpark,tram,88,1960579_unified,,
Lauenburgerplatz,tram,88,1960580_unified,,
Kaisereiche,tram,88,1960581_unified,,
Innsbruckerplatz,tram,88,1960582_unified,,
Dominicusstr.,tram,88,1960583_unified,,
Eisenacherstr.,tram,88,1960584_unified,,
Kaiser-Wilhelm-Platz,tram,88,1960585_unified,,
U-Bhf. Bülowstr.,tram,88,1960586_unified,,
Lützowstr.,tram,88,1960587_unified,,
Anhalter Bahnhof,tram,88,1960588_unified,,
U-Bhf. Kochstr.,tram,88,1960589_unified,,
Oranienstr.,tram,88,1960590_unified,,
U-Bhf. Moritzplatz,tram,88,1960591_unified,,
Skalitzerstr.,tram,88,1960592_unified,,
Spreewaldplatz,tram,88,1960593_unified,,
Wiener Brücke,tram,88,1960594_unified,,
"Treptow, Flutgraben",tram,92,1960595_unified,,
S-Bhf. Treptow,tram,92,1960596_unified,,
Bulgarischestr.,tram,92,1960597_unified,,
Baumschulenstr.,tram,92,1960598_unified,,
Bhf. Schöneweide,tram,92,1960599_unified,,
Britzerstr.,tram,92,1960600_unified,,
Bhf. Oberspree,tram,92,1960601_unified,,
Attilaplatz,tram,95,1960602_unified,,
Berlinickeplatz,tram,95,1960603_unified,,
Hoeppnerstr.,tram,95,1960604_unified,,
Adolf-Scheidt-Platz,tram,95,1960605_unified,,
U-Bhf. Flughafen,tram,95,1960606_unified,,
Gneisenaustr.,tram,95,1960607_unified,,
Blöcherplatz,tram,95,1960608_unified,,
Baerwaldstr.,tram,95,1960609_unified,,
Urban-Krankenhaus,tram,95,1960610_unified,,
Hermannplatz,tram,95,1960611_unified,,
Erkstr.,tram,95,1960612_unified,,
Hertzbergplatz,tram,95,1960613_unified,,
Bhf. Sonnenallee,tram,95,1960614_unified,,
Schulenburgpark,tram,95,1960615_unified,,
Schwarzerweg,tram,95,1960616_unified,,
"Baumschulenweg, Sonnenallee",tram,95,1960617_unified,,
Köpenicker Landstr.,tram,95,1960618_unified,,
S-Bhf. Schöneweide,tram,95,1960619_unified,,
"Wilhelminenhofstr., Edisonstr.",tram,95,1960620_unified,,
Pionierrepublik,tram,95,1960621_unified,,
"Lindenstr., Bahnhofstr.",tram,95,1960622_unified,,
Grünstr.,tram,95,1960623_unified,,
"Köpenick, Krankenhaus",tram,95,1960624_unified,,
Machnower Schleuse,tram,96,1960625_unified,,
Alte Wagenhalle,tram,96,1960626_unified,,
Neue Wagenhalle,tram,96,1960627_unified,,
Hamburgerplatz,tram,96,1960628_unified,,
Ruhlsdorferplatz,tram,96,1960629_unified,,
Fritz-Reuterstr.,tram,96,1960630_unified,,
"Teltow, Paul-Gerhardtstr.",tram,96,1960631_unified,,
U-Bhf. Tempelhof,tram,96,1960632_unified,,
Alt-Tempelhof,tram,96,1960633_unified,,
Kaiserin-Augustastr.,tram,96,1960634_unified,,
Friedrich-Karlstr.,tram,96,1960635_unified,,
Attilaplatz,tram,96,1960636_unified,,
Röblingstr.,tram,96,1960637_unified,,
Bhf. Mariendorf,tram,96,1960638_unified,,
Friedrichstr.,tram,96,1960639_unified,,
"Lankwitz, Kirche",tram,96,1960640_unified,,
Seydlitzstr.,tram,96,1960641_unified,,
Bhf. Lichterfelde-Ost,tram,96,1960642_unified,,
Berlinerstr.,tram,96,1960643_unified,,
Glesendorferstr.,tram,96,1960644_unified,,
Osdorferstr.,tram,96,1960645_unified,,
Wismarerstr.,tram,96,1960646_unified,,
Schwelmerstr.,tram,96,1960647_unified,,
Mehringplatz (Hallesches Tor),tram,98,1960648_unified,,
Yorckstr./Gneisenaustr.,tram,98,1960649_unified,,
U-Bhf. Flughafen,tram,98,1960650_unified,,
U-Bhf. Paradestr.,tram,98,1960651_unified,,
Bahnhof Tempelhof,tram,98,1960652_unified,,
Alt-Tempelhof,tram,98,1960653_unified,,
Kaiserin-Augustastr.,tram,98,1960654_unified,,
Friedrich-Karlstr.,tram,98,1960655_unified,,
Kaiserstr.,tram,98,1960656_unified,,
Prühßstr.,tram,98,1960657_unified,,
Mariendorferdamm Ecke Alt-Mariendorf,tram,98,1960658_unified,,
Grossbeerenstr. Ecke Daimlerstr.,tram,98,1960659_unified,,
Daimlerstr. Ecke Birnhornweg,tram,98,1960660_unified,,
Lindenstr.,tram,99,1960661_unified,,
Mehringplatz,tram,99,1960662_unified,,
Yorckstr.,tram,99,1960663_unified,,
U-Bhf. Flughafen,tram,99,1960664_unified,,
Flughafen Tempelhof,tram,99,1960665_unified,,
Alt-Tempelhof,tram,99,1960666_unified,,
Rathaus Tempelhof,tram,99,1960667_unified,,
Kaiserin-Augustastr.,tram,99,1960668_unified,,
Friedrich-Karlstr.,tram,99,1960669_unified,,
Kaiserstr.,tram,99,1960670_unified,,
Alt-Mariendorf,tram,99,1960671_unified,,
Rennbahn,tram,99,1960672_unified,,
Marienfelderchaussee,tram,99,1960673_unified,,
Marienfelderstr.,tram,99,1960674_unified,,
Bhf. Lichtenrade,tram,99,1960675_unified,,
Waldstr.,autobus,A1,1960676_unified,,
Otto-Surh-Allee,autobus,A1,1960677_unified,,
Kurfürstendamm Ecke Konstanzerstr.,autobus,A1,1960678_unified,,
U-Bhf. Fehrbellinerplatz,autobus,A1,1960679_unified,,
Detmolderstr.,autobus,A1,1960680_unified,,
Breitenbachplatz,autobus,A1,1960681_unified,,
Botanischer Garten,autobus,A1,1960682_unified,,
Pacelli-/Thielallee,autobus,A1,1960683_unified,,
Clayallee,autobus,A1,1960684_unified,,
U-Bhf. Oskar-Helene-Heim,autobus,A1,1960685_unified,,
Potsdamerstr. Ecke Clayallee,autobus,A1,1960686_unified,,
Bhf. Zehlendorf,autobus,A1,1960687_unified,,
Beeskowdamm,autobus,A1,1960688_unified,,
Wismarerstr.,autobus,A1,1960689_unified,,
Lindenstr.,autobus,A1,1960690_unified,,
"Haselhorst, Kirche",autobus,A10,1960691_unified,,
Paulsternstr.,autobus,A10,1960692_unified,,
Verwaltungs-Gebäude,autobus,A10,1960693_unified,,
Spandauerdamm,autobus,A10,1960694_unified,,
U-Bhf. Kaiserdamm,autobus,A10,1960695_unified,,
Amtsgerichsplatz,autobus,A10,1960696_unified,,
Kurfürstendamm,autobus,A10,1960697_unified,,
Bhf. Halensee,autobus,A10,1960698_unified,,
Elsterplatz,autobus,A10,1960699_unified,,
Hundekehlestr.,autobus,A10,1960700_unified,,
Königin-Luisestr.,autobus,A10,1960701_unified,,
U-Bhf. Thielplatz,autobus,A10,1960702_unified,,
Dahlemerweg,autobus,A10,1960703_unified,,
Teltowerdamm,autobus,A10,1960704_unified,,
Behring-Krankenhaus,autobus,A10,1960705_unified,,
Lupsteinerweg,autobus,A10,1960706_unified,,
Saargemünderstr.,autobus,A11,1960707_unified,,
U-Bhf. Oskar-Helene-Heim,autobus,A11,1960708_unified,,
Ihnestr.,autobus,A11,1960709_unified,,
Corrensplatz,autobus,A11,1960710_unified,,
Under den Eichen,autobus,A11,1960711_unified,,
Bhf. Lichterfelde-West,autobus,A11,1960712_unified,,
Ringstr.,autobus,A11,1960713_unified,,
Wiesenbaude,autobus,A11,1960714_unified,,
Berlinerstr.,autobus,A11,1960715_unified,,
Marienstr.,autobus,A11,1960716_unified,,
Bismarckstr.,autobus,A11,1960717_unified,,
Bhf. Lichterfelde-Ost,autobus,A11,1960718_unified,,
Langestr.,autobus,A11,1960719_unified,,
Hildburghauserstr.,autobus,A11,1960720_unified,,
Trippsteinstr.,autobus,A11,1960721_unified,,
Weddingplatz,autobus,A12,1960722_unified,,
Schulstr.,autobus,A12,1960723_unified,,
U-Bhf. Seestr.,autobus,A12,1960724_unified,,
Barfusstr.,autobus,A12,1960725_unified,,
Bristolstr.,autobus,A12,1960726_unified,,
Emmentalerstr.,autobus,A12,1960727_unified,,
Lindauerstr. Ecke Aroserallee,autobus,A12,1960728_unified,,
Lindenweg,autobus,A12,1960729_unified,,
Holzhauserstr.,autobus,A12,1960730_unified,,
Cyclopstr.,autobus,A12,1960731_unified,,
Zabel-Krüger-Damm,autobus,A12,1960732_unified,,
Kirchstr.,autobus,A12,1960733_unified,,
Hermsdorferdamm,autobus,A12,1960734_unified,,
Bhf. Frohnau,autobus,A12,1960735_unified,,
Donnersmarckplatz,autobus,A12,1960736_unified,,
Hainbuchenstr.,autobus,A12,1960737_unified,,
Weddingplatz,autobus,A12S,1960738_unified,,
Schulstr.,autobus,A12S,1960739_unified,,
U-Bhf. Seestr.,autobus,A12S,1960740_unified,,
Barfusstr.,autobus,A12S,1960741_unified,,
Emmentalerstr.,autobus,A12S,1960742_unified,,
Lindauerstr. Ecke Aroserallee,autobus,A12S,1960743_unified,,
Oranienburgerstr.,autobus,A12S,1960744_unified,,
Rathaus Reinickendorf,autobus,A12S,1960745_unified,,
Cyclopstr.,autobus,A12S,1960746_unified,,
Zabel-Krüger-Damm,autobus,A12S,1960747_unified,,
Schildowerstr.,autobus,A12S,1960748_unified,,
Hermsdorferdamm,autobus,A12S,1960749_unified,,
Oswinsteig,autobus,A12S,1960750_unified,,
Hohefeldstr.,autobus,A12S,1960751_unified,,
Im Fischgrund,autobus,A12S,1960752_unified,,
Bhf. Frohnau,autobus,A12S,1960753_unified,,
Alt-Heiligensee,autobus,A13,1960754_unified,,
Am Dachsbau,autobus,A13,1960755_unified,,
Gabelung,autobus,A13,1960756_unified,,
Ruppinerchaussee,autobus,A13,1960757_unified,,
U-Bhf. Tegel,autobus,A13,1960758_unified,,
Bernauerstr.,autobus,A13,1960759_unified,,
Krankenhaus Tegel-Süd,autobus,A13,1960760_unified,,
Strasse nach Staatwinkel,autobus,A13,1960761_unified,,
Paulsternstr.,autobus,A13,1960762_unified,,
Daumstr.,autobus,A13,1960763_unified,,
Havelstr.,autobus,A13,1960764_unified,,
Rathaus Spandau,autobus,A13,1960765_unified,,
Pichelsdorferstr.,autobus,A13,1960766_unified,,
Päwesinerweg,autobus,A13,1960767_unified,,
Heerstr.,autobus,A13,1960768_unified,,
Weinmeisterhornweg,autobus,A13,1960769_unified,,
Alt-Heiligensee,autobus,A14,1960770_unified,,
Mattenbuder Pfad,autobus,A14,1960771_unified,,
Bhf. Heiligensee,autobus,A14,1960772_unified,,
Bhf. Schulzendorf,autobus,A14,1960773_unified,,
Heiligenseestr.,autobus,A14,1960774_unified,,
U-Bhf. Tegel,autobus,A14,1960775_unified,,
Ziekowstr.,autobus,A14,1960776_unified,,
Nordgraben,autobus,A14,1960777_unified,,
Holzhauserstr.,autobus,A14,1960778_unified,,
Lindenweg,autobus,A14,1960779_unified,,
Aroserallee,autobus,A14,1960780_unified,,
Kopenhagenerstr.,autobus,A14,1960781_unified,,
Pankowerallee,autobus,A14,1960782_unified,,
Pankstr.,autobus,A14,1960783_unified,,
U-Bhf. Gesundbrunnen,autobus,A14,1960784_unified,,
Rügenerstr.,autobus,A14,1960785_unified,,
Lübarserstr.,autobus,A15,1960786_unified,,
Bhf. Wittenau,autobus,A15,1960787_unified,,
Alt-Wittenau,autobus,A15,1960788_unified,,
Tor 5,autobus,A15,1960789_unified,,
Bhf. Eichbornstr.,autobus,A15,1960790_unified,,
Holzhauserstr.,autobus,A15,1960791_unified,,
Borsigwalderweg,autobus,A15,1960792_unified,,
Gorkistr.,autobus,A15,1960793_unified,,
U-Bhf. Tegel,autobus,A15,1960794_unified,,
Hermsdorferdamm,autobus,A15,1960795_unified,,
Am Flie,autobus,A15,1960796_unified,,
Schulzendorferstr.,autobus,A15,1960797_unified,,
Bhf. Hermsdorf,autobus,A15,1960798_unified,,
Dominikus-Krankenhaus,autobus,A15,1960799_unified,,
Donnersmarckplatz,autobus,A15,1960800_unified,,
Bhf. Frohnau,autobus,A15,1960801_unified,,
Louise-Schroeder-Platz,autobus,A16,1960802_unified,,
U-Bhf. Seestr.,autobus,A16,1960803_unified,,
Afrikanischestr.,autobus,A16,1960804_unified,,
Virchow-Krankenhaus,autobus,A16,1960805_unified,,
Bhf. Putlitzstr.,autobus,A16,1960806_unified,,
Turmstr.,autobus,A16,1960807_unified,,
Hansaplatz,autobus,A16,1960808_unified,,
Tiergartenstr.,autobus,A16,1960809_unified,,
Lützowplatz,autobus,A16,1960810_unified,,
Einemstr.,autobus,A16,1960811_unified,,
Rathaus Schöneberg,autobus,A16,1960812_unified,,
Innsbruckerplatz,autobus,A16,1960813_unified,,
Bundesplatz,autobus,A16,1960814_unified,,
Wiesbadenerstr.,autobus,A16,1960815_unified,,
Breitenbachplatz,autobus,A16,1960816_unified,,
Englerallee,autobus,A16,1960817_unified,,
Bhf. Grunewald,autobus,A17,1960818_unified,,
Hagenplatz,autobus,A17,1960819_unified,,
Rosenecke,autobus,A17,1960820_unified,,
Warnemünderstr.,autobus,A17,1960821_unified,,
U-Bhf. Rüdesheimerplatz,autobus,A17,1960822_unified,,
Friedriche-Wilhelm-Platz,autobus,A17,1960823_unified,,
Bundesallee,autobus,A17,1960824_unified,,
Rathaus Steglitz,autobus,A17,1960825_unified,,
Stadtpark,autobus,A17,1960826_unified,,
Leonorenstr.,autobus,A17,1960827_unified,,
Stadion Lichterfelde,autobus,A17,1960828_unified,,
Wilhelmstr.,autobus,A17,1960829_unified,,
Bismarckstr.,autobus,A17,1960830_unified,,
Oberhoferplatz,autobus,A17,1960831_unified,,
Saaleckplatz,autobus,A17,1960832_unified,,
Saargemünderstr.,autobus,A18,1960833_unified,,
U-Bhf. Oskar-Helene-Heim,autobus,A18,1960834_unified,,
Sophie-Charlottenstr.,autobus,A18,1960835_unified,,
Scharfestr.,autobus,A18,1960836_unified,,
Potsdamerstr. Ecke Clayallee,autobus,A18,1960837_unified,,
Mittelstr.,autobus,A18,1960838_unified,,
Wolzogenstr.,autobus,A18,1960839_unified,,
Benschallee,autobus,A18,1960840_unified,,
Waldfriedhof,autobus,A18,1960841_unified,,
Quantzstr.,autobus,A18,1960842_unified,,
Kronprinzessinenweg,autobus,A18,1960843_unified,,
Am Grossen Wannsee,autobus,A18,1960844_unified,,
Pfaueninsel-Chaussee,autobus,A18,1960845_unified,,
Rathaus Wannsee,autobus,A18,1960846_unified,,
Stölpchensee,autobus,A18,1960847_unified,,
Kohlhasenbrück,autobus,A18,1960848_unified,,
Roseneck,autobus,A19,1960849_unified,,
Hagenplatz,autobus,A19,1960850_unified,,
Erdenerstr.,autobus,A19,1960851_unified,,
Bhf. Halensee,autobus,A19,1960852_unified,,
Wilmersdorferstr.,autobus,A19,1960853_unified,,
Olivaerplatz,autobus,A19,1960854_unified,,
Joachimstalerstr.,autobus,A19,1960855_unified,,
Breitscheidplatz,autobus,A19,1960856_unified,,
Wittenbergplatz,autobus,A19,1960857_unified,,
Nollendorfplatz,autobus,A19,1960858_unified,,
Potsdamerstr.,autobus,A19,1960859_unified,,
Bhf. Yorckstr.,autobus,A19,1960860_unified,,
Katzbachstr.,autobus,A19,1960861_unified,,
Mehringdamm,autobus,A19,1960862_unified,,
U-Bhf. Flughafen,autobus,A19,1960863_unified,,
Flughafen,autobus,A19,1960864_unified,,
Strasse des 17. Juni,autobus,A2,1960865_unified,,
U-Bhf. Ernst-Reuter-Platz,autobus,A2,1960866_unified,,
Bhf. Zoo,autobus,A2,1960867_unified,,
U-Bhf. Spichernstr.,autobus,A2,1960868_unified,,
Berlinerstr.,autobus,A2,1960869_unified,,
Bundesplatz,autobus,A2,1960870_unified,,
Friedrich-Wilhelm-Platz,autobus,A2,1960871_unified,,
Schlossstr.,autobus,A2,1960872_unified,,
Bhf. Feuerbachstr.,autobus,A2,1960873_unified,,
Bergstr.,autobus,A2,1960874_unified,,
Steglitzerdamm,autobus,A2,1960875_unified,,
Leonorenstr.,autobus,A2,1960876_unified,,
"Lankwitz, Kirche",autobus,A2,1960877_unified,,
Havensteinstr.,autobus,A2,1960878_unified,,
Lerbacherweg,autobus,A2,1960879_unified,,
Trippsteinstr.,autobus,A2,1960880_unified,,
Tegelort,autobus,A20,1960881_unified,,
Walderseestr.,autobus,A20,1960882_unified,,
Falkenplatz,autobus,A20,1960883_unified,,
Mühlenstr.,autobus,A20,1960884_unified,,
Heiligenseestr.,autobus,A20,1960885_unified,,
Karolinenstr.,autobus,A20,1960886_unified,,
U-Bhf. Tegel,autobus,A20,1960887_unified,,
Hatzfeldallee,autobus,A20,1960888_unified,,
Martin-Luther-Friedhof,autobus,A20,1960889_unified,,
Freie Scholle,autobus,A20,1960890_unified,,
Waldstr. Ecke Waidmannslust,autobus,A20,1960891_unified,,
Bhf. Waidmannslust,autobus,A20,1960892_unified,,
Oraniendamm,autobus,A20,1960893_unified,,
Am Vierrutenbert,autobus,A20,1960894_unified,,
"Lübars, Dorfaue",autobus,A20,1960895_unified,,
Wentowsteig,autobus,A21,1960896_unified,,
Oranienburgerstr.,autobus,A21,1960897_unified,,
Alt-Wittenau,autobus,A21,1960898_unified,,
Bhf. Eichbornstr.,autobus,A21,1960899_unified,,
Scharnweberstr.,autobus,A21,1960900_unified,,
Kurt-Schumacher-Platz,autobus,A21,1960901_unified,,
Kaserne Südtor,autobus,A21,1960902_unified,,
Heckerdamm,autobus,A21,1960903_unified,,
Bhf. Jungfernheide,autobus,A21,1960904_unified,,
Luisenplatz,autobus,A21,1960905_unified,,
Kantstr.,autobus,A21,1960906_unified,,
Stuttgarterplatz,autobus,A21,1960907_unified,,
Amtsgericht Charlottenburg,autobus,A21,1960908_unified,,
Kurfürstendamm,autobus,A21,1960909_unified,,
Bhf. Hohenzollerndamm,autobus,A21,1960910_unified,,
U-Bhf. Fehrbellinerplatz,autobus,A21,1960911_unified,,
"Hessenwinkel, Lindenstr.",autobus,A22,1960912_unified,,
Fahlenbergstr. Ecke Fürstenwalderallee,autobus,A22,1960913_unified,,
S-Bhf. Wilhelmshagen,autobus,A22,1960914_unified,,
Zentralschule,autobus,A22,1960915_unified,,
Waldschänke,autobus,A22,1960916_unified,,
S-Bhf. Rahnsdorf,autobus,A22,1960917_unified,,
"Fichtenau, Stadtgrenze",autobus,A22,1960918_unified,,
"Altglienicke, Kirche",autobus,A23,1960919_unified,,
Gerosteig,autobus,A23,1960920_unified,,
Dankmarsteig,autobus,A23,1960921_unified,,
Wiebestr.,autobus,A24,1960922_unified,,
Gotzkowskystr.,autobus,A24,1960923_unified,,
Stromstr.,autobus,A24,1960924_unified,,
Rathenowerstr.,autobus,A24,1960925_unified,,
Alt-Moabit,autobus,A24,1960926_unified,,
John-Foster-Dulles-Allee,autobus,A24,1960927_unified,,
Tiergartenstr.,autobus,A24,1960928_unified,,
Lützowplatz,autobus,A24,1960929_unified,,
Potsdamerstr.,autobus,A24,1960930_unified,,
Hafenplatz,autobus,A24,1960931_unified,,
Anhalter Bhf.,autobus,A24,1960932_unified,,
U-Bhf. Hallesches Tor,autobus,A24,1960933_unified,,
Gneisenaustr.,autobus,A24,1960934_unified,,
Columbiadamm,autobus,A24,1960935_unified,,
Tempelhoferdamm,autobus,A24,1960936_unified,,
Flughafen,autobus,A24,1960937_unified,,
Unionplatz,autobus,A25,1960938_unified,,
Gotzkowskybrücke,autobus,A25,1960939_unified,,
Hansaplatz,autobus,A25,1960940_unified,,
U-Bhf. Ernst-Reuter-Platz,autobus,A25,1960941_unified,,
Bhf. Zoo,autobus,A25,1960942_unified,,
U-Bhf. Spichernstr.,autobus,A25,1960943_unified,,
Bundesplatz,autobus,A25,1960944_unified,,
Kaisereiche,autobus,A25,1960945_unified,,
Grazerplatz,autobus,A25,1960946_unified,,
Attilaplatz,autobus,A25,1960947_unified,,
Tempelhoferdamm,autobus,A25,1960948_unified,,
Gottlieb-Dunkelstr.,autobus,A25,1960949_unified,,
Grünerweg,autobus,A25,1960950_unified,,
Gutschmidtstr.,autobus,A25,1960951_unified,,
"S-Bhf. Kaulsdorf, Planitzstr.",autobus,A27,1960952_unified,,
Chemnitzerstr.,autobus,A27,1960953_unified,,
Ulmenstr.,autobus,A27,1960954_unified,,
Gehsenerstr.,autobus,A27,1960955_unified,,
S-Bhf. Köpenick,autobus,A27,1960956_unified,,
Bahnhofstr. Ecke Lindenstr.,autobus,A27,1960957_unified,,
"Köpenick, Krankenhaus",autobus,A27,1960958_unified,,
Chausseehaus,autobus,A27,1960959_unified,,
Alt-Müggelheim,autobus,A27,1960960_unified,,
Loewenhardtdamm,autobus,A28,1960961_unified,,
Dudenstr.,autobus,A28,1960962_unified,,
Kreuzbergstr.,autobus,A28,1960963_unified,,
Yorckstr.,autobus,A28,1960964_unified,,
Mehringdamm,autobus,A28,1960965_unified,,
Zossenerstr.,autobus,A28,1960966_unified,,
Südstern,autobus,A28,1960967_unified,,
Urban-Krankenhause,autobus,A28,1960968_unified,,
U-Bhf. Prinzenstr.,autobus,A28,1960969_unified,,
U-Bhf Kottbusser Tor,autobus,A28,1960970_unified,,
Oranienstr.,autobus,A28,1960971_unified,,
Waldemarstr.,autobus,A28,1960972_unified,,
Mariannenplatz,autobus,A28,1960973_unified,,
Köpenickerstr. Ecke Manteuffelstr.,autobus,A28,1960974_unified,,
U-Bhf. Schlesisches Tor,autobus,A28,1960975_unified,,
Heckmannufer,autobus,A28,1960976_unified,,
Roseneck,autobus,A29,1960977_unified,,
Berkaerstr.,autobus,A29,1960978_unified,,
BSC-Sportplatz,autobus,A29,1960979_unified,,
Bismarckplatz,autobus,A29,1960980_unified,,
Bhf. Halensee,autobus,A29,1960981_unified,,
Joachim-Friedrichstr.,autobus,A29,1960982_unified,,
Wilmersdorferstr.,autobus,A29,1960983_unified,,
Olivaerplatz,autobus,A29,1960984_unified,,
Uhlandstr.,autobus,A29,1960985_unified,,
Joachimstalerstr.,autobus,A29,1960986_unified,,
Breitscheidplatz,autobus,A29,1960987_unified,,
Wittenbergplatz,autobus,A29,1960988_unified,,
Lutherstr.,autobus,A29,1960989_unified,,
Lützowstr.,autobus,A29,1960990_unified,,
Potsdamerstr.,autobus,A29,1960991_unified,,
Anhalter Bhf.,autobus,A29,1960992_unified,,
Rathaus Zehlendorf,autobus,A3,1960993_unified,,
Winifriedstr.,autobus,A3,1960994_unified,,
Sundgauerstr.,autobus,A3,1960995_unified,,
U-Bhf. Oskar-Helene-Heim,autobus,A3,1960996_unified,,
U-Bhf. Onkel-Toms-Hütte,autobus,A3,1960997_unified,,
U-Bhf. Krumme Lanke,autobus,A3,1960998_unified,,
Bhf. Lindenthalerallee,autobus,A3,1960999_unified,,
Benschallee,autobus,A3,19601000_unified,,
Schopenhauerstr.,autobus,A3,19601001_unified,,
Bhf. Nikolassee,autobus,A3,19601002_unified,,
Am Beelitzhof,autobus,A3,19601003_unified,,
Bhf. Wannsee,autobus,A3,19601004_unified,,
Am Grossen Wannsee,autobus,A3,19601005_unified,,
Pfaueninsel-Chaussee,autobus,A3,19601006_unified,,
Rathaus Wannsee,autobus,A3,19601007_unified,,
Stölpchensee,autobus,A3,19601008_unified,,
Machandelweg,autobus,A31,19601009_unified,,
U-Bhf. Ruhleben,autobus,A31,19601010_unified,,
Friedhof Ruhleben,autobus,A31,19601011_unified,,
Kinderheim Ruhleben,autobus,A31,19601012_unified,,
Teltowerstr.,autobus,A31,19601013_unified,,
Grenadierstr.,autobus,A31,19601014_unified,,
Stresowplatz,autobus,A31,19601015_unified,,
Breitestr.,autobus,A31,19601016_unified,,
Rathaus Spandau,autobus,A31,19601017_unified,,
Brunsbüttelerdamm,autobus,A31,19601018_unified,,
Nauenerstr.,autobus,A31,19601019_unified,,
Egelpfuhlstr.,autobus,A31,19601020_unified,,
Magistratsweg,autobus,A31,19601021_unified,,
Spandauerstr.,autobus,A31,19601022_unified,,
Hackbuschstr.,autobus,A31,19601023_unified,,
Heidebergplan,autobus,A31,19601024_unified,,
Breitenbachplatz,autobus,A32,19601025_unified,,
Gritznerstr.,autobus,A32,19601026_unified,,
Schlossstr.,autobus,A32,19601027_unified,,
Rathaus Steglitz,autobus,A32,19601028_unified,,
Sedanstr.,autobus,A32,19601029_unified,,
Stindestr.,autobus,A32,19601030_unified,,
Leonorenstr.,autobus,A32,19601031_unified,,
"Lankwitz, Kirche",autobus,A32,19601032_unified,,
Marienfelderstr.,autobus,A32,19601033_unified,,
Marchandstr.,autobus,A32,19601034_unified,,
Marienfelderallee,autobus,A32,19601035_unified,,
Stegerwaldstr.,autobus,A32,19601036_unified,,
Bhf. Marienfelde,autobus,A32,19601037_unified,,
Bhf. Steglitz,autobus,A33,19601038_unified,,
Breitestr.,autobus,A33,19601039_unified,,
Klingsorstr.,autobus,A33,19601040_unified,,
Sedanstr.,autobus,A33,19601041_unified,,
Bismarckstr.,autobus,A33,19601042_unified,,
Halskestr.,autobus,A33,19601043_unified,,
Bhf. Südende,autobus,A33,19601044_unified,,
Bhf. Mariendorf,autobus,A33,19601045_unified,,
Kurfürstenstr.,autobus,A33,19601046_unified,,
Kaiserstr./Ringstr.,autobus,A33,19601047_unified,,
Rathaus Mariendorf,autobus,A33,19601048_unified,,
Kaiserstr.,autobus,A33,19601049_unified,,
"Spandau, Friedhof",autobus,A34,19601050_unified,,
Askanierring,autobus,A34,19601051_unified,,
Hafenplatz,autobus,A34,19601052_unified,,
Rathaus Spandau,autobus,A34,19601053_unified,,
Wilhelmstr. Ecke Pichelsdorferstr.,autobus,A34,19601054_unified,,
Adamstr.,autobus,A34,19601055_unified,,
Heerstr.,autobus,A34,19601056_unified,,
Weinmeisterhornweg,autobus,A34,19601057_unified,,
Ortsgrenze Gatow,autobus,A34,19601058_unified,,
"Gatow, Kirche",autobus,A34,19601059_unified,,
Großglienickerweg,autobus,A34,19601060_unified,,
Krankenhaus Hohengatow,autobus,A34,19601061_unified,,
Alt-Kladow,autobus,A34,19601062_unified,,
Schwiezerhaus,autobus,A34,19601063_unified,,
Gutshof,autobus,A34,19601064_unified,,
Germersheimerplatz,autobus,A35,19601065_unified,,
Askanierring,autobus,A35,19601066_unified,,
Rathaus Spandau,autobus,A35,19601067_unified,,
Wilhelmstr. Ecke Pichelsdorferstr.,autobus,A35,19601068_unified,,
Adamstr.,autobus,A35,19601069_unified,,
Heerstr.,autobus,A35,19601070_unified,,
Gatowerstr.,autobus,A35,19601071_unified,,
Weinmeisterhornweg,autobus,A35,19601072_unified,,
Ortsgrenze Gatow,autobus,A35,19601073_unified,,
"Gatow, Kirche",autobus,A35,19601074_unified,,
Großglienickerweg,autobus,A35,19601075_unified,,
Krankenhaus Hohengatow,autobus,A35,19601076_unified,,
Alt-Kladow,autobus,A35,19601077_unified,,
Krampnitzerweg,autobus,A35,19601078_unified,,
Hottengrund,autobus,A35,19601079_unified,,
Waltersdorf,autobus,A38,19601080_unified,,
"Bohnsdorf, Waldstr.",autobus,A38,19601081_unified,,
Eichbuschplatz,autobus,A38,19601082_unified,,
Joachimstr.,autobus,A38,19601083_unified,,
S-Bhf. Grünau,autobus,A38,19601084_unified,,
"Wartenberg, Siedlung",autobus,A39,19601085_unified,,
"Wartenberg, Dorfstr.",autobus,A39,19601086_unified,,
Falkenbergerchaussee,autobus,A39,19601087_unified,,
"Kolonie ""land In Sonne""",autobus,A39,19601088_unified,,
"Hohenschönhausen, Falkenbergerstr.",autobus,A39,19601089_unified,,
Brixplatz,autobus,A4,19601090_unified,,
Reichskanzlerplatz,autobus,A4,19601091_unified,,
Messedamm,autobus,A4,19601092_unified,,
Bhf. Halensee,autobus,A4,19601093_unified,,
Hochmeisterplatz,autobus,A4,19601094_unified,,
U-Bhf. Fehrbellinerplatz,autobus,A4,19601095_unified,,
Bundesallee Ecke Badenschestr.,autobus,A4,19601096_unified,,
Rathaus Schöneberg,autobus,A4,19601097_unified,,
Innsbruckerplatz,autobus,A4,19601098_unified,,
Dominicusstr.,autobus,A4,19601099_unified,,
Kaiser-Wilhelm-Platz,autobus,A4,19601100_unified,,
U-Bhf. Flughafen,autobus,A4,19601101_unified,,
Friesenstr.,autobus,A4,19601102_unified,,
U-Bhf. Boddinstr.,autobus,A4,19601103_unified,,
Rathaus Neukölln,autobus,A4,19601104_unified,,
Finowstr.,autobus,A4,19601105_unified,,
"Buch, Zepernickerstr.",autobus,A42,19601106_unified,,
Alt-Buch,autobus,A42,19601107_unified,,
Lindenbergerweg,autobus,A42,19601108_unified,,
"Karow, Bahnhofstr.",autobus,A42,19601109_unified,,
Güteraußenring,autobus,A42,19601110_unified,,
"Blankenburg, Bahnhofstr.",autobus,A42,19601111_unified,,
"Heinersdorf, Kirche",autobus,A42,19601112_unified,,
Am Steinberg,autobus,A42,19601113_unified,,
Ostseestr. (Spitze),autobus,A42,19601114_unified,,
Bürknersfelde,autobus,A43,19601115_unified,,
"Marzahn, Berlinerchaussee",autobus,A43,19601116_unified,,
Güterbahnhof Springpfuhl,autobus,A43,19601117_unified,,
S-Bhf. Friedrichsfelde-Ost,autobus,A43,19601118_unified,,
Schlossstr. Ecke Alt-Friedrichsfelde,autobus,A43,19601119_unified,,
U-Bhf. Friedrichsfelde,autobus,A43,19601120_unified,,
"Hönow, Dorfstr.",autobus,A44,19601121_unified,,
Greifswalderstr.,autobus,A44,19601122_unified,,
Am Rosenhag,autobus,A44,19601123_unified,,
S-Bhf. Mahlsdorf,autobus,A44,19601124_unified,,
Greifswalderstr.,autobus,A44E,19601125_unified,,
Am Rosenhag,autobus,A44E,19601126_unified,,
S-Bhf. Mahlsdorf,autobus,A44E,19601127_unified,,
"Wilhelmsruh, Fontanestr.",autobus,A45,19601128_unified,,
Hauptstr. Ecke Edelweißstr.,autobus,A45,19601129_unified,,
Ehrenmal,autobus,A45,19601130_unified,,
Heinrich-Mann-Platz,autobus,A45,19601131_unified,,
"Pankow, Rathaus",autobus,A45,19601132_unified,,
"Pankow, Kirche",autobus,A45,19601133_unified,,
Prenzlauer Promenade Ecke Kissingenstr.,autobus,A45,19601134_unified,,
Am Steinberg,autobus,A45,19601135_unified,,
Langhansstr. Ecke Gustav-Adolfstr.,autobus,A45,19601136_unified,,
Hamburgerplatz,autobus,A45,19601137_unified,,
Pistoriusstr. Ecke Klement-Gottwald-Allee,autobus,A45,19601138_unified,,
Klement-Gottwald-Allee Ecke Bernkastelerstr.,autobus,A45,19601139_unified,,
"Weißensee, Schwarzelfenweg",autobus,A45,19601140_unified,,
"Ahrensfeld, Kirche",autobus,A46,19601141_unified,,
Stadtrandsiedlung,autobus,A46,19601142_unified,,
"Falkenberg, Schule",autobus,A46,19601143_unified,,
Strasse nach Wartenberg,autobus,A46,19601144_unified,,
Malchowerweg,autobus,A46,19601145_unified,,
Falkenbergerstr.,autobus,A46,19601146_unified,,
Klement-Gottwald-Allee Ecke Bernkastelerstr.,autobus,A46,19601147_unified,,
Feldtmannstr.,autobus,A46,19601148_unified,,
"Malchow, Dorfstr.",autobus,A46,19601149_unified,,
Bhf. Schöneweide,autobus,A47,19601150_unified,,
Sterndamm,autobus,A47,19601151_unified,,
Johannisthalerchaussee,autobus,A47,19601152_unified,,
Baumschulenstr. Ecke Südostallee,autobus,A47,19601153_unified,,
S-Bhf. Baumschulenweg,autobus,A47,19601154_unified,,
Eichbuschallee,autobus,A47,19601155_unified,,
"Treptow, Rathaus",autobus,A47,19601156_unified,,
S-Bhf. Treptower Park,autobus,A47,19601157_unified,,
Potsdamerstr. Ecke Fischerhüttenstr.,autobus,A48,19601158_unified,,
Teltowerdamm,autobus,A48,19601159_unified,,
Sundgauerstr.,autobus,A48,19601160_unified,,
Dahlemerweg,autobus,A48,19601161_unified,,
Drakestr.,autobus,A48,19601162_unified,,
Hindenburgdamm,autobus,A48,19601163_unified,,
Rathaus Steglitz,autobus,A48,19601164_unified,,
Bundesallee,autobus,A48,19601165_unified,,
Kaisereiche,autobus,A48,19601166_unified,,
Innsbruckerplatz,autobus,A48,19601167_unified,,
Dominicusstr.,autobus,A48,19601168_unified,,
Kaiser-Wilhelm-Platz,autobus,A48,19601169_unified,,
Goeben-/Pallasstr.,autobus,A48,19601170_unified,,
U-Bhf. Bülowstr.,autobus,A48,19601171_unified,,
Lützowstr.,autobus,A48,19601172_unified,,
Margaretenstr.,autobus,A48,19601173_unified,,
"Kaulsdorf, Bausdorfstr.",autobus,A49,19601174_unified,,
Ridbacherstr.,autobus,A49,19601175_unified,,
Grottkauerstr.,autobus,A49,19601176_unified,,
Uckermarkstr.,autobus,A49,19601177_unified,,
Machandelweg,autobus,A5,19601178_unified,,
U-Bhf. Ruhleben,autobus,A5,19601179_unified,,
Friedhof Ruhleben,autobus,A5,19601180_unified,,
Hauptkinderheim,autobus,A5,19601181_unified,,
Teltowerstr.,autobus,A5,19601182_unified,,
Grenadierstr.,autobus,A5,19601183_unified,,
Stresowplatz,autobus,A5,19601184_unified,,
Breitestr.,autobus,A5,19601185_unified,,
Rathaus Spandau,autobus,A5,19601186_unified,,
Bhf. Spandau-West,autobus,A5,19601187_unified,,
Hochgerichtstr.,autobus,A5,19601188_unified,,
Falkenseerchaussee,autobus,A5,19601189_unified,,
Viersenerstr.,autobus,A5,19601190_unified,,
Wolburgsweg,autobus,A5,19601191_unified,,
Stadtrandstr.,autobus,A5,19601192_unified,,
Waldkrankenhaus,autobus,A5,19601193_unified,,
Roseneck,autobus,A50,19601194_unified,,
Hohenzollerndamm,autobus,A50,19601195_unified,,
Elsterplatz,autobus,A50,19601196_unified,,
Forckenbeckstr.,autobus,A50,19601197_unified,,
Flinsbergerplatz,autobus,A50,19601198_unified,,
Cunostr.,autobus,A50,19601199_unified,,
Bhf. Hohenzollerndamm,autobus,A50,19601200_unified,,
Konstanzerstr.,autobus,A50,19601201_unified,,
Ruhrstr.,autobus,A50,19601202_unified,,
Fehrbellinerplatz,autobus,A50,19601203_unified,,
Emserplatz,autobus,A50,19601204_unified,,
Uhlandstr.,autobus,A50,19601205_unified,,
Nassauischestr.,autobus,A50,19601206_unified,,
Pragerplatz,autobus,A50,19601207_unified,,
Bhf. Wannsee,autobus,A51,19601208_unified,,
Königstr./Kronprinzessinnenweg,autobus,A51,19601209_unified,,
Am Grossen Wannsee,autobus,A51,19601210_unified,,
Koblanckstr.,autobus,A51,19601211_unified,,
Colomierstr.,autobus,A51,19601212_unified,,
Krankenhaus Wannsee,autobus,A51,19601213_unified,,
Zum Heckeshorn,autobus,A51,19601214_unified,,
Krankenhaus Heckeshorn,autobus,A51,19601215_unified,,
Alt-Marienfelde,autobus,A52,19601216_unified,,
Gutshof Marienfelde,autobus,A52,19601217_unified,,
Bhf. Buckowerchaussee,autobus,A52,19601218_unified,,
Lichtenraderdamm,autobus,A52,19601219_unified,,
Bühlerweg,autobus,A52,19601220_unified,,
Buckower Friedhof,autobus,A52,19601221_unified,,
Buckowerdamm,autobus,A52,19601222_unified,,
Grünerweg,autobus,A52,19601223_unified,,
Triftweg,autobus,A52,19601224_unified,,
Rudowerstr.,autobus,A52,19601225_unified,,
Efeuweg,autobus,A52,19601226_unified,,
Wildmeisterdamm,autobus,A52,19601227_unified,,
Köpenickerstr.,autobus,A52,19601228_unified,,
Friedhof Rudow,autobus,A52,19601229_unified,,
Kanalstr.,autobus,A52,19601230_unified,,
Mimosenweg,autobus,A52,19601231_unified,,
Krumme Lanke,autobus,A53,19601232_unified,,
Sven-Hedinstr.,autobus,A53,19601233_unified,,
Hartmannsweilerweg,autobus,A53,19601234_unified,,
Potsdamerstr.,autobus,A53,19601235_unified,,
Berlinerstr.,autobus,A53,19601236_unified,,
Teltowerdamm,autobus,A53,19601237_unified,,
Rathaus Zehlendorf,autobus,A53,19601238_unified,,
Bhf. Zehlendorf,autobus,A53,19601239_unified,,
Seehofstr.,autobus,A53,19601240_unified,,
Knesebeckstr.,autobus,A53,19601241_unified,,
Jänickestr.,autobus,A53,19601242_unified,,
Dahlemerweg,autobus,A53,19601243_unified,,
Osteweg,autobus,A53,19601244_unified,,
4. Ring,autobus,A53,19601245_unified,,
Luzernerstr.,autobus,A53,19601246_unified,,
Thunerplatz,autobus,A53,19601247_unified,,
"Wilhelmsruh, Fontanestr.",autobus,A55,19601248_unified,,
Hauptstr. Ecke Edelweißstr.,autobus,A55,19601249_unified,,
Ehrenmal,autobus,A55,19601250_unified,,
S-Bhf. Wollkanstr.,autobus,A55,19601251_unified,,
"Pankow, Rathaus",autobus,A55,19601252_unified,,
"Pankow, Kirche",autobus,A55,19601253_unified,,
Retzbacherweg,autobus,A55,19601254_unified,,
"Heinersdorf, Kirche",autobus,A55,19601255_unified,,
"Weißensee, Rennbahnstr. Ecke Gustav-Adolfstr.",autobus,A55,19601256_unified,,
Große Seestr. Ecke Klement-Gottwald-Allee,autobus,A55,19601257_unified,,
"Weißensee, Liebermannstr. Ecke Piesporterstr.",autobus,A55,19601258_unified,,
"Weißensee, Feldtmannstr.",autobus,A56,19601259_unified,,
Rennbahnstr. Ecke Gustav-Adolfstr.,autobus,A56,19601260_unified,,
Hamburgerplatz,autobus,A56,19601261_unified,,
Prenzlauerallee (Spitze),autobus,A56,19601262_unified,,
Wicherstr.,autobus,A56,19601263_unified,,
Kniprodestr. Ecke Ermländischestr.,autobus,A57,19601264_unified,,
Königstor,autobus,A57,19601265_unified,,
S-Bhf. Alexanderplatz,autobus,A57,19601266_unified,,
Marx-Engels-Platz,autobus,A57,19601267_unified,,
Bhf. Friedrichstr.,autobus,A57,19601268_unified,,
Albrechtstr.,autobus,A57,19601269_unified,,
Robert-Koch-Platz,autobus,A57,19601270_unified,,
Bhf. Wannsee,autobus,A6,19601271_unified,,
Königstr.,autobus,A6,19601272_unified,,
Am Grossen Wannsee,autobus,A6,19601273_unified,,
Endestr.,autobus,A6,19601274_unified,,
Pfaueninsel-Chaussee,autobus,A6,19601275_unified,,
Rathaus Wannsee,autobus,A6,19601276_unified,,
Friedenstr.,autobus,A6,19601277_unified,,
Schäferberg,autobus,A6,19601278_unified,,
Nikolskoerweg,autobus,A6,19601279_unified,,
Schloss Glienicke,autobus,A6,19601280_unified,,
Glienicker Brücke,autobus,A6,19601281_unified,,
"Roseneck, Hundekehl",autobus,A60,19601282_unified,,
Warnemünder/Berkaerstr.,autobus,A60,19601283_unified,,
Zappoter/Oeynhauserstr.,autobus,A60,19601284_unified,,
"Hamburgerstr., Rudolf-Mosse-Platz",autobus,A60,19601285_unified,,
U-Bhf. Heidelbergerplatz,autobus,A60,19601286_unified,,
Brabanterplatz,autobus,A60,19601287_unified,,
Am Volkspark,autobus,A60,19601288_unified,,
Berlinerstr.,autobus,A60,19601289_unified,,
Postamt,autobus,A60,19601290_unified,,
Güntzelstr.,autobus,A60,19601291_unified,,
Ludwigkirchstr./Pariserstr.,autobus,A60,19601292_unified,,
Kurfürstendamm,autobus,A60,19601293_unified,,
Joachimstalerstr.,autobus,A60,19601294_unified,,
Breitscheidplatz,autobus,A60,19601295_unified,,
Wittenbergplatz,autobus,A60,19601296_unified,,
Zobeltitzstr.,autobus,A61,19601297_unified,,
"U-Bhf. Scharnweberstr., Sportplatz",autobus,A61,19601298_unified,,
Schillingstr.,autobus,A61,19601299_unified,,
U-Bhf. Kurt-Schumacher-Platz,autobus,A61,19601300_unified,,
Humboldtstr.,autobus,A61,19601301_unified,,
Sebastianfriedhof,autobus,A61,19601302_unified,,
Teichstr.,autobus,A61,19601303_unified,,
Aroserallee,autobus,A61,19601304_unified,,
Osloerstr.,autobus,A61,19601305_unified,,
Exerzierstr.,autobus,A61,19601306_unified,,
Pankstr.,autobus,A61,19601307_unified,,
Bhf. Gesundbrunnen,autobus,A61,19601308_unified,,
Rügenerstr.,autobus,A61,19601309_unified,,
Bernauerstr.,autobus,A61,19601310_unified,,
"Gartenplatz, Feldstr.",autobus,A61,19601311_unified,,
Wittenau,autobus,A62,19601312_unified,,
Alt-Wittenau,autobus,A62,19601313_unified,,
"Heilstätten, Wittenau",autobus,A62,19601314_unified,,
Auguste-Viktoria-Allee,autobus,A62,19601315_unified,,
U-Bhf. Kurt-Schumacher-Platz,autobus,A62,19601316_unified,,
"Kaserne, Südtor",autobus,A62,19601317_unified,,
Saatwinklerdamm,autobus,A62,19601318_unified,,
Heckerdamm,autobus,A62,19601319_unified,,
Bhf. Jungfernheide,autobus,A62,19601320_unified,,
Luisenplatz,autobus,A62,19601321_unified,,
Richard-Wagner-Platz,autobus,A62,19601322_unified,,
U-Bhf. Ernst-Reuter-Platz,autobus,A62,19601323_unified,,
Bhf. Zoo,autobus,A62,19601324_unified,,
Marburgerstr.,autobus,A62,19601325_unified,,
Wittenbergplatz,autobus,A62,19601326_unified,,
Radelandstr.,autobus,A63,19601327_unified,,
Pionierstr.,autobus,A63,19601328_unified,,
Falkenseerchaussee,autobus,A63,19601329_unified,,
Zweibrückerstr.,autobus,A63,19601330_unified,,
Askanierring,autobus,A63,19601331_unified,,
Bezirksamt,autobus,A63,19601332_unified,,
Moritzstr.,autobus,A63,19601333_unified,,
Rathaus Spandau,autobus,A63,19601334_unified,,
Bhf. Spandau-West,autobus,A63,19601335_unified,,
Staakenerstr.,autobus,A63,19601336_unified,,
Hochgerichtstr.,autobus,A63,19601337_unified,,
Viersenerstr.,autobus,A63,19601338_unified,,
Dyotzerstr.,autobus,A63,19601339_unified,,
Leuthingerweg,autobus,A63,19601340_unified,,
Strasse 393,autobus,A63,19601341_unified,,
Seegefelderweg,autobus,A63,19601342_unified,,
U-Bhf. Kurt-Schumacher-Platz,autobus,A64,19601343_unified,,
Afrikanischestr.,autobus,A64,19601344_unified,,
Petersallee (Freilichtbühne Rehberge),autobus,A64,19601345_unified,,
Sansibarstr.,autobus,A64,19601346_unified,,
Türkenstr.,autobus,A64,19601347_unified,,
Seestr.,autobus,A64,19601348_unified,,
U-Bhf. Seestr.,autobus,A64,19601349_unified,,
U-Bhf. Leopoldplatz,autobus,A64,19601350_unified,,
Triftstr.,autobus,A64,19601351_unified,,
Nettelbeckplatz,autobus,A64,19601352_unified,,
Gerichstr.,autobus,A64,19601353_unified,,
Lenzenerplatz,autobus,A64,19601354_unified,,
Grenzstr.,autobus,A64,19601355_unified,,
Gartenplatz,autobus,A64,19601356_unified,,
Bernauerstr.,autobus,A64,19601357_unified,,
Bernauerstr. Ecke Gartenstr.,autobus,A64,19601358_unified,,
Goebelplatz,autobus,A65,19601359_unified,,
Kurt-Schumacherdamm,autobus,A65,19601360_unified,,
Bhf. Jungfernheide,autobus,A65,19601361_unified,,
Landgericht,autobus,A65,19601362_unified,,
Schlossbrücke,autobus,A65,19601363_unified,,
Luisenplatz,autobus,A65,19601364_unified,,
Bhf. Westend,autobus,A65,19601365_unified,,
Königin-Elisabethstr.,autobus,A65,19601366_unified,,
U-Bhf. Kaiserdamm,autobus,A65,19601367_unified,,
Masurenallee,autobus,A65,19601368_unified,,
Rathenauplatz,autobus,A65,19601369_unified,,
Bhf. Hohenzollerndamm,autobus,A65,19601370_unified,,
U-Bhf. Heidelbergplatz,autobus,A65,19601371_unified,,
Bundesplatz,autobus,A65,19601372_unified,,
Innsbruckerplatz,autobus,A65,19601373_unified,,
Bhf. Schöneberg,autobus,A65,19601374_unified,,
Berlinickeplatz,autobus,A65,19601375_unified,,
Bhf. Tempelhof,autobus,A65,19601376_unified,,
U-Bhf. Paradesstr.,autobus,A65,19601377_unified,,
Flughafen Tempelhof,autobus,A65,19601378_unified,,
Bismarckplatz,autobus,A66,19601379_unified,,
Bhf. Halensee,autobus,A66,19601380_unified,,
Joachim-Friedrichstr.,autobus,A66,19601381_unified,,
Wilmersdorferstr.,autobus,A66,19601382_unified,,
Olivaerplatz,autobus,A66,19601383_unified,,
Uhlandstr.,autobus,A66,19601384_unified,,
Joachimstalerstr.,autobus,A66,19601385_unified,,
Breitscheidplatz,autobus,A66,19601386_unified,,
Wichmannstr.,autobus,A66,19601387_unified,,
Großer Stern,autobus,A66,19601388_unified,,
Hansaplatz,autobus,A66,19601389_unified,,
Bhf. Bellevue,autobus,A66,19601390_unified,,
Alt-Moabit,autobus,A66,19601391_unified,,
Turmstr.,autobus,A66,19601392_unified,,
Perlebergerstr.,autobus,A66,19601393_unified,,
Stephanplatz,autobus,A66,19601394_unified,,
"Jerusalems-Kirche, Lindenstr.",autobus,A67,19601395_unified,,
Moritzplatz,autobus,A67,19601396_unified,,
Oranienplatz,autobus,A67,19601397_unified,,
U-Bhf. Kottbusser Tor,autobus,A67,19601398_unified,,
Kottbusser Brücke,autobus,A67,19601399_unified,,
Hohenstaufenplatz,autobus,A67,19601400_unified,,
Hermannplatz,autobus,A67,19601401_unified,,
Reuterstr.,autobus,A67,19601402_unified,,
Fuldastr.,autobus,A67,19601403_unified,,
Erkstr.,autobus,A67,19601404_unified,,
Hertzbergplatz,autobus,A67,19601405_unified,,
Bhf. Sonnenallee,autobus,A67,19601406_unified,,
Dammweg,autobus,A67,19601407_unified,,
Neuköllnischeallee,autobus,A67,19601408_unified,,
Am Oberhafen,autobus,A67,19601409_unified,,
U-Bhf. Grenzallee,autobus,A67,19601410_unified,,
Clayallee,autobus,A68,19601411_unified,,
Vogelsang,autobus,A68,19601412_unified,,
Thielallee/Pacelliallee,autobus,A68,19601413_unified,,
U-Bhf. Dahlem-Dorf,autobus,A68,19601414_unified,,
"Postamt, Museum Dahlem",autobus,A68,19601415_unified,,
Arnimallee,autobus,A68,19601416_unified,,
Botanischer Garten,autobus,A68,19601417_unified,,
Kaiser-Wilhelmstr.,autobus,A68,19601418_unified,,
Lepsiusstr.,autobus,A68,19601419_unified,,
Rathaus Steglitz,autobus,A68,19601420_unified,,
Bhf. Steglitz,autobus,A68,19601421_unified,,
Breitestr.,autobus,A68,19601422_unified,,
Bergstr.,autobus,A68,19601423_unified,,
Bismarckstr.,autobus,A68,19601424_unified,,
Munsterdamm,autobus,A68,19601425_unified,,
"Grazerdamm, Overbeckstr.",autobus,A68,19601426_unified,,
Bismarckplatz,autobus,A69,19601427_unified,,
Rathenauplatz,autobus,A69,19601428_unified,,
Bhf. Halensee,autobus,A69,19601429_unified,,
Joachim-Friedrichstr.,autobus,A69,19601430_unified,,
Wilmersdorferstr.,autobus,A69,19601431_unified,,
Leibnizstr.,autobus,A69,19601432_unified,,
Bleibtreustr.,autobus,A69,19601433_unified,,
Uhlandstr.,autobus,A69,19601434_unified,,
Joachimstalerstr.,autobus,A69,19601435_unified,,
Breitscheidplatz,autobus,A69,19601436_unified,,
Wittenbergplatz,autobus,A69,19601437_unified,,
Lutherstr.,autobus,A69,19601438_unified,,
Lützowplatz,autobus,A69,19601439_unified,,
Tiergartenstr.,autobus,A69,19601440_unified,,
Kongreßhalle,autobus,A69,19601441_unified,,
Brandenburger Tor,autobus,A69,19601442_unified,,
"Glienicke, Kirche",autobus,A7,19601443_unified,,
Elsässerstr.,autobus,A7,19601444_unified,,
"Schildow, Kirche",autobus,A7,19601445_unified,,
"Blankenfelde, Hauptstr.",autobus,A7,19601446_unified,,
"Kolonie ""Daheim""",autobus,A7,19601447_unified,,
Nordend,autobus,A7,19601448_unified,,
Ossietzkyplatz,autobus,A7,19601449_unified,,
Kurt-Fischer-Platz,autobus,A7,19601450_unified,,
"Pankow, Rathaus",autobus,A7,19601451_unified,,
U-Bhf. Vinetastr.,autobus,A7,19601452_unified,,
Bhf. Wollankstr.,autobus,A70,19601453_unified,,
Osloerstr.,autobus,A70,19601454_unified,,
Badstr.,autobus,A70,19601455_unified,,
Brunneplatz,autobus,A70,19601456_unified,,
Wiesenstr.,autobus,A70,19601457_unified,,
Bhf. Wedding,autobus,A70,19601458_unified,,
Weddingplatz,autobus,A70,19601459_unified,,
Am Nordhafen,autobus,A70,19601460_unified,,
Rathenowerstr.,autobus,A70,19601461_unified,,
Turmstr./Rathenowerstr.,autobus,A70,19601462_unified,,
Krankenhaus Moabit,autobus,A70,19601463_unified,,
Stromstr.,autobus,A70,19601464_unified,,
Rathaus Tiergarten,autobus,A70,19601465_unified,,
Waldstr./Gotzkowskystr.,autobus,A70,19601466_unified,,
Reuchlinstr.,autobus,A70,19601467_unified,,
"Wiebestr., Strassenbahnhof",autobus,A70,19601468_unified,,
Bhf. Wilhelmsruh,autobus,A71,19601469_unified,,
Lindauerstr.,autobus,A71,19601470_unified,,
Emmentalerstr.,autobus,A71,19601471_unified,,
"Schäfersee, Pankowerallee",autobus,A71,19601472_unified,,
"Letteplatz, Strassenbahnhof",autobus,A71,19601473_unified,,
Provinzstr./Pankowerallee,autobus,A71,19601474_unified,,
Ritterlandweg,autobus,A71,19601475_unified,,
Prinzenallee/Soldinerstr.,autobus,A71,19601476_unified,,
Osloerstr.,autobus,A71,19601477_unified,,
Badstr./Prinzenallee,autobus,A71,19601478_unified,,
Bhf. Gesundbrunnen,autobus,A71,19601479_unified,,
Ramlerstr.,autobus,A71,19601480_unified,,
Rügenerstr.,autobus,A71,19601481_unified,,
Usedomerstr.,autobus,A71,19601482_unified,,
Bernauerstr./Brunnenstr.,autobus,A71,19601483_unified,,
Wollinerstr.,autobus,A71,19601484_unified,,
Waldesruh,autobus,A8,19601485_unified,,
Malhlsdorferallee,autobus,A8,19601486_unified,,
Fichtestr. Ecke Schopenhauerstr.,autobus,A8,19601487_unified,,
Hultschinerdamm,autobus,A8,19601488_unified,,
Sadowastr.,autobus,A8,19601489_unified,,
Chemnitzer Ecke Ulmenstr.,autobus,A8,19601490_unified,,
Eichenallee,autobus,A8,19601491_unified,,
"Alt-Biesdorf, Oberfeldstr.",autobus,A8,19601492_unified,,
Schlossstr. Ecke Alt-Friedrichsfelde,autobus,A8,19601493_unified,,
U-Bhf. Friedrichsfelde,autobus,A8,19601494_unified,,
Kinderheim,autobus,A82P,19601495_unified,,
Friedrich-Jungestr.,autobus,A82P,19601496_unified,,
Markgrafendamm,autobus,A82P,19601497_unified,,
Kurischestr.,autobus,A9,19601498_unified,,
Königstor,autobus,A9,19601499_unified,,
S-Bhf. Alexanderplatz,autobus,A9,19601500_unified,,
Marx-Engels-Platz,autobus,A9,19601501_unified,,
Bhf. Friedrichstr.,autobus,A9,19601502_unified,,
Chausseestr. Ecke Invalidenstr.,autobus,A9,19601503_unified,,
Scharnhorst- Ecke Kielerstr.,autobus,A9,19601504_unified,,
"Diepensee, Flughafen",autobus,AD/36,19601505_unified,,
Waltersdorferchaussee (Spinne),autobus,AD/36,19601506_unified,,
"Schönefeld, Siedlung",autobus,AD/36,19601507_unified,,
"Bohnsdorf, Kirche",autobus,AD/36,19601508_unified,,
Gartenstadtweg,autobus,AD/36,19601509_unified,,
S-Bhf. Grünau,autobus,AD/36,19601510_unified,,
Neu-Lindenberg,autobus,AL,19601511_unified,,
Lindenberg,autobus,AL,19601512_unified,,
"Malchow, Dorfstr.",autobus,AL,19601513_unified,,
S-Bhf. Hohen Neuendorf,autobus,AN,19601514_unified,,
"Bergfelde, Karl-Marxstr.",autobus,AN,19601515_unified,,
"Schönfließ, Kirche",autobus,AN,19601516_unified,,
"Glienicke, Breitscheidstr.",autobus,AN,19601517_unified,,
"Glienicke, Kirche",autobus,AN,19601518_unified,,
Bhf. Zoo,autobus,AS1,19601519_unified,,
U-Bhf. Ernst-Reuter-Platz,autobus,AS1,19601520_unified,,
Cauerstr.,autobus,AS1,19601521_unified,,
Luisenplatz,autobus,AS1,19601522_unified,,
Fürstenbrunnerweg,autobus,AS1,19601523_unified,,
Schloss Ruhwald,autobus,AS1,19601524_unified,,
U-Bhf. Ruhleben,autobus,AS1,19601525_unified,,
Teltowerstr.,autobus,AS1,19601526_unified,,
Rathaus Spandau,autobus,AS1,19601527_unified,,
Hafenplatz,autobus,AS1,19601528_unified,,
Lynastr.,autobus,AS1,19601529_unified,,
Klinkeplatz,autobus,AS1,19601530_unified,,
Hohenzollernring,autobus,AS1,19601531_unified,,
Bhf. Zoo,autobus,AS2,19601532_unified,,
Hardenbergstr.,autobus,AS2,19601533_unified,,
Kurfürstendamm,autobus,AS2,19601534_unified,,
"Rankeplatz, Bundeshaus",autobus,AS2,19601535_unified,,
Berlinerstr.,autobus,AS2,19601536_unified,,
Bundesplatz,autobus,AS2,19601537_unified,,
"Schlossstr., Wilhelm-Schreiber-Platz",autobus,AS2,19601538_unified,,
Canovastr.,autobus,AS2,19601539_unified,,
Attilaplatz,autobus,AS2,19601540_unified,,
Mariendorferdamm,autobus,AS2,19601541_unified,,
Alt-Mariendorf,autobus,AS2,19601542_unified,,
"Tauernallee, Adlermühle",autobus,AS2,19601543_unified,,
Buckowerchaussee,autobus,AS2,19601544_unified,,
"Lichtenrade, Goethestr.",autobus,AS2,19601545_unified,,
Goltzstr.,autobus,AS2,19601546_unified,,
"Lichtenrade, Blohmstr. Ecke Wünsdorferstr.",autobus,AS2,19601547_unified,,
Bhf. Zoo,autobus,AS3,19601548_unified,,
Hardenbergstr.,autobus,AS3,19601549_unified,,
Kurfürstendamm,autobus,AS3,19601550_unified,,
Rankeplatz/Bundeshaus,autobus,AS3,19601551_unified,,
U-Bhf. Fehrbellinerplatz,autobus,AS3,19601552_unified,,
Bhf. Hohenzollerndamm,autobus,AS3,19601553_unified,,
"Berkaerstr., Elsterplatz",autobus,AS3,19601554_unified,,
Roseneck,autobus,AS3,19601555_unified,,
Pücklerstr.,autobus,AS3,19601556_unified,,
Königin-Luisestr.,autobus,AS3,19601557_unified,,
U-Bhf. Oskar-Helene-Heim,autobus,AS3,19601558_unified,,
Sundgauerstr.,autobus,AS3,19601559_unified,,
Winfriedstr.,autobus,AS3,19601560_unified,,
Clayallee/Teltowerdamm,autobus,AS3,19601561_unified,,
Rathaus Zehlendorf,autobus,AS3,19601562_unified,,
Groß Ziethen,autobus,AZ,19601563_unified,,
Bhf. Groß Ziethen,autobus,AZ,19601564_unified,,
Klein Ziethen,autobus,AZ,19601565_unified,,
"Waßmannsdorf, Warteh.",autobus,AZ,19601566_unified,,
Selchow,autobus,AZ,19601567_unified,,
Waltersforderchaussee (Spinne),autobus,AZ,19601568_unified,,
"Schönefeld, Siedlung",autobus,AZ,19601569_unified,,
S-Bhf. Grünau,autobus,AZ,19601570_unified,,
Kosterstr.,omnibus,O30,19601571_unified,,
Andreasstr.,omnibus,O30,19601572_unified,,
Küstrinerplatz,omnibus,O30,19601573_unified,,
Warschauerstr.,omnibus,O30,19601574_unified,,
Holteistr.,omnibus,O30,19601575_unified,,
S-Bhf. Rummelsburg,omnibus,O30,19601576_unified,,
Münsterlandstr.,omnibus,O30,19601577_unified,,
Bhf. Lichtenberg,omnibus,O30,19601578_unified,,
"BVG-Bf. Lichtenberg, Siegfriedstr.",omnibus,O30,19601579_unified,,
Roederplatz,omnibus,O30,19601580_unified,,
Proskauerstr. Ecke Dolzigerstr.,omnibus,O30,19601581_unified,,
Ebertystr. Ecke Leninallee,omnibus,O30,19601582_unified,,
Greifswalderstr. Ecke Dimitroffstr.,omnibus,O30,19601583_unified,,
Königstor,omnibus,O30,19601584_unified,,
S-Bhf. Alexanderplatz,omnibus,O30,19601585_unified,,
Klosterstr.,omnibus,O30,19601586_unified,,
Bürknersfelde,omnibus,O37,19601587_unified,,
"Alt-Marzahn, Kirche",omnibus,O37,19601588_unified,,
Elisabethstr.,omnibus,O37,19601589_unified,,
Cecilienstr. Ecke Oberfeldstr.,omnibus,O37,19601590_unified,,
S-Bhf. Biesdorf,omnibus,O37,19601591_unified,,
Schlossstr. Ecke Alt-Friedrichsfelde,omnibus,O37,19601592_unified,,
Bhf. Lichtenberg,omnibus,O37,19601593_unified,,
Ostbahnhof,omnibus,O40,19601594_unified,,
Küstrinerplatz,omnibus,O40,19601595_unified,,
Stalinallee,omnibus,O40,19601596_unified,,
Leninplatz,omnibus,O40,19601597_unified,,
Königstor,omnibus,O40,19601598_unified,,
Rosenthalerplatz,omnibus,O40,19601599_unified,,
Oranienburger Tor,omnibus,O40,19601600_unified,,
Robert-Koch-Platz,omnibus,O40,19601601_unified,,
Bürknersfelde,omnibus,O41,19601602_unified,,
Dingelstädterstr.,omnibus,O41,19601603_unified,,
Siegfriedstr.,omnibus,O41,19601604_unified,,
Weißenseerweg,omnibus,O41,19601605_unified,,
Oderbruchstr.,omnibus,O41,19601606_unified,,
Dimitroffstr.,omnibus,O41,19601607_unified,,
Alt-Schmöckwitz,autobus,Schmöckwitz<>Eichwalde (VEB Kraftverkehr Schöneiche-Rüdersdorf),19601608_unified,,
"Eichwalde, Uhlandstr.",autobus,Schmöckwitz<>Eichwalde (VEB Kraftverkehr Schöneiche-Rüdersdorf),19601609_unified,,
Bhf. Eichwalde,autobus,Schmöckwitz<>Eichwalde (VEB Kraftverkehr Schöneiche-Rüdersdorf),19601610_unified,,
Alt-Schmöckwitz,autobus,Schmöckwitz<>Ziegenhals (VEB Kraftverkehr Schöneiche-Rüdersdorf),19601611_unified,,
Konsum Wernsdorf,autobus,Schmöckwitz<>Ziegenhals (VEB Kraftverkehr Schöneiche-Rüdersdorf),19601612_unified,,
Konsum Ziegenhals,autobus,Schmöckwitz<>Ziegenhals (VEB Kraftverkehr Schöneiche-Rüdersdorf),19601613_unified,,
"Ziegenhals, VA Dienststelle",autobus,Schmöckwitz<>Ziegenhals (VEB Kraftverkehr Schöneiche-Rüdersdorf),19601614_unified,,
Kladow,ferry,Wannsee<>Kladow (Betrieb durch Stern und Kreisschiffahrt),19601615_unified,,
Wannsee,ferry,Wannsee<>Kladow (Betrieb durch Stern und Kreisschiffahrt),19601616_unified,,
Wendenschloß,ferry,Wendenschloß<>Grünau,19601617_unified,,
Grünau,ferry,Wendenschloß<>Grünau,19601618_unified,,
Pankow (Vinetastr.),u-bahn,A I,19601619_unified,,
Schönhauserallee,u-bahn,A I,19601620_unified,,
Dimitroffstr.,u-bahn,A I,19601621_unified,,
Senefelderplatz,u-bahn,A I,19601622_unified,,
Luxemburgplatz,u-bahn,A I,19601623_unified,,
Alexanderplatz,u-bahn,A I,19601624_unified,,
Klosterstr.,u-bahn,A I,19601625_unified,,
Märkisches Museum,u-bahn,A I,19601626_unified,,
Spittelmarkt,u-bahn,A I,19601627_unified,,
Hausvogteiplatz,u-bahn,A I,19601628_unified,,
Stadtmitte (Mohrenstr.),u-bahn,A I,19601629_unified,,
Thälmannplatz,u-bahn,A I,19601630_unified,,
Potsdamerplatz,u-bahn,A I,19601631_unified,,
Gleisdreieck,u-bahn,A I,19601632_unified,,
Bülowstr.,u-bahn,A I,19601633_unified,,
Nollendorfplatz,u-bahn,A I,19601634_unified,,
Wittenbergplatz,u-bahn,A I,19601635_unified,,
Zoologischer Garten,u-bahn,A I,19601636_unified,,
Ernst-Reuter-Platz,u-bahn,A I,19601637_unified,,
Deutsches Opernhaus (Bismarckstr.),u-bahn,A I,19601638_unified,,
Sophie-Charlotte-Platz,u-bahn,A I,19601639_unified,,
Kaiserdamm (Messedamm),u-bahn,A I,19601640_unified,,
Reichskanzlerplatz,u-bahn,A I,19601641_unified,,
Pankow (Vinetastr.),u-bahn,A II,19601642_unified,,
Schönhauserallee,u-bahn,A II,19601643_unified,,
Dimitroffstr.,u-bahn,A II,19601644_unified,,
Senefelderplatz,u-bahn,A II,19601645_unified,,
Luxemburgplatz,u-bahn,A II,19601646_unified,,
Alexanderplatz,u-bahn,A II,19601647_unified,,
Klosterstr.,u-bahn,A II,19601648_unified,,
Märkisches Museum,u-bahn,A II,19601649_unified,,
Spittelmarkt,u-bahn,A II,19601650_unified,,
Hausvogteiplatz,u-bahn,A II,19601651_unified,,
Stadtmitte (Mohrenstr.),u-bahn,A II,19601652_unified,,
Thälmannplatz,u-bahn,A II,19601653_unified,,
Potsdamerplatz,u-bahn,A II,19601654_unified,,
Gleisdreieck,u-bahn,A II,19601655_unified,,
Bülowstr.,u-bahn,A II,19601656_unified,,
Nollendorfplatz,u-bahn,A II,19601657_unified,,
Wittenbergplatz,u-bahn,A II,19601658_unified,,
Spichernstr. (Bundesallee),u-bahn,A II,19601659_unified,,
Hohenzollernplatz,u-bahn,A II,19601660_unified,,
Fehrbellinerplatz,u-bahn,A II,19601661_unified,,
Heidelbergerplatz,u-bahn,A II,19601662_unified,,
Rüdesheimerplatz,u-bahn,A II,19601663_unified,,
Breitenbachplatz,u-bahn,A II,19601664_unified,,
Podbielskiallee,u-bahn,A II,19601665_unified,,
Dahlem-Dorf,u-bahn,A II,19601666_unified,,
Thielplatz,u-bahn,A II,19601667_unified,,
Oskar-Helene-Heim,u-bahn,A II,19601668_unified,,
Onkel Toms Hütte,u-bahn,A II,19601669_unified,,
Krumme Lanke,u-bahn,A II,19601670_unified,,
Deutsches Opernhaus (Bismarckstr.),u-bahn,A III,19601671_unified,,
Richard-Wagner-Platz,u-bahn,A III,19601672_unified,,
Warschauer Brücke,u-bahn,B I,19601673_unified,,
Schlesisches Tor,u-bahn,B I,19601674_unified,,
Görlitzer Bahnhof (Oranienstr.),u-bahn,B I,19601675_unified,,
Kottbusser Tor,u-bahn,B I,19601676_unified,,
Prinzenstr.,u-bahn,B I,19601677_unified,,
Hallesches Tor,u-bahn,B I,19601678_unified,,
Möckernbrücke,u-bahn,B I,19601679_unified,,
Gleisdreieck,u-bahn,B I,19601680_unified,,
Kurfürstenstr.,u-bahn,B I,19601681_unified,,
Nollendorfplatz,u-bahn,B I,19601682_unified,,
Wittenbergplatz,u-bahn,B I,19601683_unified,,
Zoologischer Garten,u-bahn,B I,19601684_unified,,
Ernst-Reuter-Platz,u-bahn,B I,19601685_unified,,
Deutsches Opernhaus (Bismarckstr.),u-bahn,B I,19601686_unified,,
Sophie-Charlotte-Platz,u-bahn,B I,19601687_unified,,
Kaiserdamm (Messedamm),u-bahn,B I,19601688_unified,,
Reichskanzlerplatz,u-bahn,B I,19601689_unified,,
Neu-Westend,u-bahn,B I,19601690_unified,,
Olympia-Stadion,u-bahn,B I,19601691_unified,,
Ruhleben,u-bahn,B I,19601692_unified,,
Warschauer Brücke,u-bahn,B II,19601693_unified,,
Schlesisches Tor,u-bahn,B II,19601694_unified,,
Görlitzer Bahnhof (Oranienstr.),u-bahn,B II,19601695_unified,,
Kottbusser Tor,u-bahn,B II,19601696_unified,,
Prinzenstr.,u-bahn,B II,19601697_unified,,
Hallesches Tor,u-bahn,B II,19601698_unified,,
Möckernbrücke,u-bahn,B II,19601699_unified,,
Gleisdreieck,u-bahn,B II,19601700_unified,,
Kurfürstenstr.,u-bahn,B II,19601701_unified,,
Nollendorfplatz,u-bahn,B II,19601702_unified,,
Wittenbergplatz,u-bahn,B II,19601703_unified,,
Spichernstr. (Bundesallee),u-bahn,B II,19601704_unified,,
Hohenzollernplatz,u-bahn,B II,19601705_unified,,
Fehrbellinerplatz,u-bahn,B II,19601706_unified,,
Heidelbergerplatz,u-bahn,B II,19601707_unified,,
Rüdesheimerplatz,u-bahn,B II,19601708_unified,,
Breitenbachplatz,u-bahn,B II,19601709_unified,,
Podbielskiallee,u-bahn,B II,19601710_unified,,
Dahlem-Dorf,u-bahn,B II,19601711_unified,,
Thielplatz,u-bahn,B II,19601712_unified,,
Oskar-Helene-Heim,u-bahn,B II,19601713_unified,,
Onkel Toms Hütte,u-bahn,B II,19601714_unified,,
Krumme Lanke,u-bahn,B II,19601715_unified,,
Nollendorfplatz,u-bahn,B III,19601716_unified,,
Viktoria-Luise-Platz,u-bahn,B III,19601717_unified,,
Bayerischerplatz,u-bahn,B III,19601718_unified,,
Rathaus Schöneberg,u-bahn,B III,19601719_unified,,
Innsbruckerplatz (Hauptstr.),u-bahn,B III,19601720_unified,,
Tegel,u-bahn,C I,19601721_unified,,
Borsigwerke,u-bahn,C I,19601722_unified,,
Holzhauserstr.,u-bahn,C I,19601723_unified,,
Seidelstr. (Flugplatz Tegel),u-bahn,C I,19601724_unified,,
Scharnweberstr. (Eichborndamm),u-bahn,C I,19601725_unified,,
Kurt-Schumacher-Platz,u-bahn,C I,19601726_unified,,
Afrikanischestr.,u-bahn,C I,19601727_unified,,
Rehberge,u-bahn,C I,19601728_unified,,
Seestr.,u-bahn,C I,19601729_unified,,
Leopoldplatz,u-bahn,C I,19601730_unified,,
Bahnhof Wedding,u-bahn,C I,19601731_unified,,
Reinickendorferstr.,u-bahn,C I,19601732_unified,,
Schwartzkopffstr.,u-bahn,C I,19601733_unified,,
Nordbahnhof,u-bahn,C I,19601734_unified,,
Oranienburger Tor,u-bahn,C I,19601735_unified,,
Bahnhof Friedrichstr. (Stadtbahn),u-bahn,C I,19601736_unified,,
Französischestr.,u-bahn,C I,19601737_unified,,
Stadtmitte (Leipzigerstr.),u-bahn,C I,19601738_unified,,
Kochstr.,u-bahn,C I,19601739_unified,,
Hallesches Tor,u-bahn,C I,19601740_unified,,
Mehringdamm,u-bahn,C I,19601741_unified,,
Gneisenaustr.,u-bahn,C I,19601742_unified,,
Südstern,u-bahn,C I,19601743_unified,,
Hermannplatz,u-bahn,C I,19601744_unified,,
Rathaus Neukölln,u-bahn,C I,19601745_unified,,
Karl-Marxstr.,u-bahn,C I,19601746_unified,,
Neukölln (Südring),u-bahn,C I,19601747_unified,,
Grenzallee,u-bahn,C I,19601748_unified,,
Tegel,u-bahn,C II,19601749_unified,,
Borsigwerke,u-bahn,C II,19601750_unified,,
Holzhauserstr.,u-bahn,C II,19601751_unified,,
Seidelstr. (Flugplatz Tegel),u-bahn,C II,19601752_unified,,
Scharnweberstr. (Eichborndamm),u-bahn,C II,19601753_unified,,
Kurt-Schumacher-Platz,u-bahn,C II,19601754_unified,,
Afrikanischestr.,u-bahn,C II,19601755_unified,,
Rehberge,u-bahn,C II,19601756_unified,,
Seestr.,u-bahn,C II,19601757_unified,,
Leopoldplatz,u-bahn,C II,19601758_unified,,
Bahnhof Wedding,u-bahn,C II,19601759_unified,,
Reinickendorferstr.,u-bahn,C II,19601760_unified,,
Schwartzkopffstr.,u-bahn,C II,19601761_unified,,
Nordbahnhof,u-bahn,C II,19601762_unified,,
Oranienburger Tor,u-bahn,C II,19601763_unified,,
Bahnhof Friedrichstr. (Stadtbahn),u-bahn,C II,19601764_unified,,
Französischestr.,u-bahn,C II,19601765_unified,,
Stadtmitte (Leipzigerstr.),u-bahn,C II,19601766_unified,,
Kochstr.,u-bahn,C II,19601767_unified,,
Hallesches Tor,u-bahn,C II,19601768_unified,,
Mehringdamm,u-bahn,C II,19601769_unified,,
Flughafen,u-bahn,C II,19601770_unified,,
Paradestr.,u-bahn,C II,19601771_unified,,
Tempelhof (Südring),u-bahn,C II,19601772_unified,,
Gesundbrunnen,u-bahn,D,19601773_unified,,
Voltastr.,u-bahn,D,19601774_unified,,
Bernauerstr.,u-bahn,D,19601775_unified,,
Rosenthalerplatz,u-bahn,D,19601776_unified,,
Weinmeisterstr.,u-bahn,D,19601777_unified,,
Alexanderplatz,u-bahn,D,19601778_unified,,
Jannowitzbrücke,u-bahn,D,19601779_unified,,
Neanderstr.,u-bahn,D,19601780_unified,,
Moritzplatz,u-bahn,D,19601781_unified,,
Kottbusser Tor,u-bahn,D,19601782_unified,,
Kottbusserdamm (Schönleinstr.),u-bahn,D,19601783_unified,,
Hermannplatz,u-bahn,D,19601784_unified,,
Boddinstr.,u-bahn,D,19601785_unified,,
Leinestr.,u-bahn,D,19601786_unified,,
Alexanderplatz,u-bahn,E,19601787_unified,,
Schillingstr.,u-bahn,E,19601788_unified,,
Strausbergerplatz,u-bahn,E,19601789_unified,,
Marchlewskistr.,u-bahn,E,19601790_unified,,
Bersarinstr. (Frankfurter Tor),u-bahn,E,19601791_unified,,
Samariterstr.,u-bahn,E,19601792_unified,,
Stalinallee (Ringbahn),u-bahn,E,19601793_unified,,
Magdalenenstr.,u-bahn,E,19601794_unified,,
Bahnhof Lichtenberg (Zentralfriedhof),u-bahn,E,19601795_unified,,
Friedrichsfelde (Tierpark),u-bahn,E,19601796_unified,,
Gesundbrunnen,s-bahn,KBS 100,19601797_unified,,
Schönhauserallee,s-bahn,KBS 100,19601798_unified,,
Prenzlauerallee,s-bahn,KBS 100,19601799_unified,,
Greifswalderstr.,s-bahn,KBS 100,19601800_unified,,
Leninallee,s-bahn,KBS 100,19601801_unified,,
Zentralviehhof,s-bahn,KBS 100,19601802_unified,,
Stalinallee,s-bahn,KBS 100,19601803_unified,,
Ostkreuz,s-bahn,KBS 100,19601804_unified,,
Treptower Park,s-bahn,KBS 100,19601805_unified,,
Sonnenallee,s-bahn,KBS 100,19601806_unified,,
Neukölln,s-bahn,KBS 100,19601807_unified,,
Hermannstr.,s-bahn,KBS 100,19601808_unified,,
Tempelhof,s-bahn,KBS 100,19601809_unified,,
Papestr.,s-bahn,KBS 100,19601810_unified,,
Schöneberg,s-bahn,KBS 100,19601811_unified,,
Innsbruckerplatz,s-bahn,KBS 100,19601812_unified,,
Wilmersdorf,s-bahn,KBS 100,19601813_unified,,
Schmargendorf,s-bahn,KBS 100,19601814_unified,,
Hohenzollerndamm,s-bahn,KBS 100,19601815_unified,,
Halensee,s-bahn,KBS 100,19601816_unified,,
Westkreuz,s-bahn,KBS 100,19601817_unified,,
Witzleben,s-bahn,KBS 100,19601818_unified,,
Westend,s-bahn,KBS 100,19601819_unified,,
Jungfernheide,s-bahn,KBS 100,19601820_unified,,
Beusselstr.,s-bahn,KBS 100,19601821_unified,,
Putlitzstr.,s-bahn,KBS 100,19601822_unified,,
Wedding,s-bahn,KBS 100,19601823_unified,,
Wilmersdorf,s-bahn,KBS 100a,19601824_unified,,
Innsbruckerplatz,s-bahn,KBS 100a,19601825_unified,,
Schöneberg,s-bahn,KBS 100a,19601826_unified,,
Papestr.,s-bahn,KBS 100a,19601827_unified,,
Tempelhof,s-bahn,KBS 100a,19601828_unified,,
Hermannstr.,s-bahn,KBS 100a,19601829_unified,,
Neukölln,s-bahn,KBS 100a,19601830_unified,,
Köllnische Heide,s-bahn,KBS 100a,19601831_unified,,
Baumschulenweg,s-bahn,KBS 100a,19601832_unified,,
Schöneweide,s-bahn,KBS 100a,19601833_unified,,
Betriebsbahnhof Schöneweide,s-bahn,KBS 100a,19601834_unified,,
Adlershof,s-bahn,KBS 100a,19601835_unified,,
Grünau,s-bahn,KBS 100a,19601836_unified,,
Blankenburg,s-bahn,KBS 100b,19601837_unified,,
Pankow-Heinersdorf,s-bahn,KBS 100b,19601838_unified,,
Pankow,s-bahn,KBS 100b,19601839_unified,,
Schönhauserallee,s-bahn,KBS 100b,19601840_unified,,
Prenzlauerallee,s-bahn,KBS 100b,19601841_unified,,
Greifswalderstr.,s-bahn,KBS 100b,19601842_unified,,
Leninallee,s-bahn,KBS 100b,19601843_unified,,
Zentralviehhof,s-bahn,KBS 100b,19601844_unified,,
Stalinallee,s-bahn,KBS 100b,19601845_unified,,
Ostkreuz,s-bahn,KBS 100b,19601846_unified,,
Warschauerstr.,s-bahn,KBS 100b,19601847_unified,,
Gartenfeld,s-bahn,KBS 100c,19601848_unified,,
Siemensstadt,s-bahn,KBS 100c,19601849_unified,,
Wernerwerk,s-bahn,KBS 100c,19601850_unified,,
Jungfernheide,s-bahn,KBS 100c,19601851_unified,,
Beusselstr.,s-bahn,KBS 100c,19601852_unified,,
Putlitzstr.,s-bahn,KBS 100c,19601853_unified,,
Wedding,s-bahn,KBS 100c,19601854_unified,,
Gesundbrunnen,s-bahn,KBS 100c,19601855_unified,,
Schönhauserallee,s-bahn,KBS 100c,19601856_unified,,
Prenzlauerallee,s-bahn,KBS 100c,19601857_unified,,
Greifswalderstr.,s-bahn,KBS 100c,19601858_unified,,
Leninallee,s-bahn,KBS 100c,19601859_unified,,
Zentralviehhof,s-bahn,KBS 100c,19601860_unified,,
Stalinallee,s-bahn,KBS 100c,19601861_unified,,
Ostkreuz,s-bahn,KBS 100c,19601862_unified,,
Warschauerstr.,s-bahn,KBS 100c,19601863_unified,,
Halensee,s-bahn,KBS 100c,19601864_unified,,
Westkreuz,s-bahn,KBS 100c,19601865_unified,,
Witzleben,s-bahn,KBS 100c,19601866_unified,,
Westend,s-bahn,KBS 100c,19601867_unified,,
Jungfernheide,s-bahn,KBS 100d,19601868_unified,,
Wernerwerk,s-bahn,KBS 100d,19601869_unified,,
Siemensstadt,s-bahn,KBS 100d,19601870_unified,,
Gartenfeld,s-bahn,KBS 100d,19601871_unified,,
Staaken,s-bahn,KBS 101,19601872_unified,,
Spandau West,s-bahn,KBS 101,19601873_unified,,
Spandau,s-bahn,KBS 101,19601874_unified,,
Pichelsberg,s-bahn,KBS 101,19601875_unified,,
Reichssportfeld,s-bahn,KBS 101,19601876_unified,,
Heerstr.,s-bahn,KBS 101,19601877_unified,,
Eichkamp,s-bahn,KBS 101,19601878_unified,,
Westkreuz,s-bahn,KBS 101,19601879_unified,,
Charlottenburg,s-bahn,KBS 101,19601880_unified,,
Savignyplatz,s-bahn,KBS 101,19601881_unified,,
Zoologischer Garten,s-bahn,KBS 101,19601882_unified,,
Tiergarten,s-bahn,KBS 101,19601883_unified,,
Bellevue,s-bahn,KBS 101,19601884_unified,,
Lehrter Stadtbahnhof,s-bahn,KBS 101,19601885_unified,,
Friedrichstr.,s-bahn,KBS 101,19601886_unified,,
Marx-Engels-Platz,s-bahn,KBS 101,19601887_unified,,
Alexanderplatz,s-bahn,KBS 101,19601888_unified,,
Jannowitzbrücke,s-bahn,KBS 101,19601889_unified,,
Ostbahnhof,s-bahn,KBS 101,19601890_unified,,
Warschauerstr.,s-bahn,KBS 101,19601891_unified,,
Ostkreuz,s-bahn,KBS 101,19601892_unified,,
Nöldnerplatz,s-bahn,KBS 101,19601893_unified,,
Lichtenberg,s-bahn,KBS 101,19601894_unified,,
Friedrichsfelde Ost,s-bahn,KBS 101,19601895_unified,,
Biesdorf,s-bahn,KBS 101,19601896_unified,,
Kaulsdorf,s-bahn,KBS 101,19601897_unified,,
Mahlsdorf,s-bahn,KBS 101,19601898_unified,,
Hoppegarten (Mark),s-bahn,KBS 101,19601899_unified,,
Neuenhagen (b Bln),s-bahn,KBS 101,19601900_unified,,
Fredersdorf (b Bln),s-bahn,KBS 101,19601901_unified,,
Giebelsee,s-bahn,KBS 101,19601902_unified,,
Strausberg,s-bahn,KBS 101,19601903_unified,,
Strausberg,s-bahn,KBS 101a,19601904_unified,,
Strausberg Stadt,s-bahn,KBS 101a,19601905_unified,,
Strausberg Nord,s-bahn,KBS 101a,19601906_unified,,
Potsdam,s-bahn,KBS 102,19601907_unified,,
Babelsberg,s-bahn,KBS 102,19601908_unified,,
Griebnitzsee,s-bahn,KBS 102,19601909_unified,,
Wannsee,s-bahn,KBS 102,19601910_unified,,
Nikolassee,s-bahn,KBS 102,19601911_unified,,
Grunewald,s-bahn,KBS 102,19601912_unified,,
Westkreuz,s-bahn,KBS 102,19601913_unified,,
Charlottenburg,s-bahn,KBS 102,19601914_unified,,
Savignyplatz,s-bahn,KBS 102,19601915_unified,,
Zoologischer Garten,s-bahn,KBS 102,19601916_unified,,
Tiergarten,s-bahn,KBS 102,19601917_unified,,
Bellevue,s-bahn,KBS 102,19601918_unified,,
Lehrter Stadtbahnhof,s-bahn,KBS 102,19601919_unified,,
Friedrichstr.,s-bahn,KBS 102,19601920_unified,,
Marx-Engels-Platz,s-bahn,KBS 102,19601921_unified,,
Alexanderplatz,s-bahn,KBS 102,19601922_unified,,
Jannowitzbrücke,s-bahn,KBS 102,19601923_unified,,
Ostbahnhof,s-bahn,KBS 102,19601924_unified,,
Warschauerstr.,s-bahn,KBS 102,19601925_unified,,
Ostkreuz,s-bahn,KBS 102,19601926_unified,,
Rummelsburg,s-bahn,KBS 102,19601927_unified,,
Betriebsbahnhof Rummelsburg,s-bahn,KBS 102,19601928_unified,,
Karlshorst,s-bahn,KBS 102,19601929_unified,,
Wuhlheide,s-bahn,KBS 102,19601930_unified,,
Köpenick,s-bahn,KBS 102,19601931_unified,,
Hirschgarten,s-bahn,KBS 102,19601932_unified,,
Friedrichshagen,s-bahn,KBS 102,19601933_unified,,
Rahnsdorf,s-bahn,KBS 102,19601934_unified,,
Wilhelmshagen,s-bahn,KBS 102,19601935_unified,,
Erkner,s-bahn,KBS 102,19601936_unified,,
Falkensee,s-bahn,KBS 103,19601937_unified,,
Albrechtshof,s-bahn,KBS 103,19601938_unified,,
Spandau West,s-bahn,KBS 103,19601939_unified,,
Spandau,s-bahn,KBS 103,19601940_unified,,
Pichelsberg,s-bahn,KBS 103,19601941_unified,,
Reichssportfeld,s-bahn,KBS 103,19601942_unified,,
Heerstr.,s-bahn,KBS 103,19601943_unified,,
Eichkamp,s-bahn,KBS 103,19601944_unified,,
Westkreuz,s-bahn,KBS 103,19601945_unified,,
Charlottenburg,s-bahn,KBS 103,19601946_unified,,
Savignyplatz,s-bahn,KBS 103,19601947_unified,,
Zoologischer Garten,s-bahn,KBS 103,19601948_unified,,
Tiergarten,s-bahn,KBS 103,19601949_unified,,
Bellevue,s-bahn,KBS 103,19601950_unified,,
Lehrter Stadtbahnhof,s-bahn,KBS 103,19601951_unified,,
Friedrichstr.,s-bahn,KBS 103,19601952_unified,,
Marx-Engels-Platz,s-bahn,KBS 103,19601953_unified,,
Alexanderplatz,s-bahn,KBS 103,19601954_unified,,
Jannowitzbrücke,s-bahn,KBS 103,19601955_unified,,
Ostbahnhof,s-bahn,KBS 103,19601956_unified,,
Warschauerstr.,s-bahn,KBS 103,19601957_unified,,
Ostkreuz,s-bahn,KBS 103,19601958_unified,,
Treptower Park,s-bahn,KBS 103,19601959_unified,,
Plänterwald,s-bahn,KBS 103,19601960_unified,,
Baumschulenweg,s-bahn,KBS 103,19601961_unified,,
Schöneweide,s-bahn,KBS 103,19601962_unified,,
Betriebsbahnhof Schöneweide,s-bahn,KBS 103,19601963_unified,,
Adlershof,s-bahn,KBS 103,19601964_unified,,
Grünau,s-bahn,KBS 103,19601965_unified,,
Eichwalde,s-bahn,KBS 103,19601966_unified,,
Zeuthen,s-bahn,KBS 103,19601967_unified,,
Wildau,s-bahn,KBS 103,19601968_unified,,
Königs Wusterhausen,s-bahn,KBS 103,19601969_unified,,
Spandau West,s-bahn,KBS 103a,19601970_unified,,
Spandau,s-bahn,KBS 103a,19601971_unified,,
Siemensstadt-Fürstenbrunn,s-bahn,KBS 103a,19601972_unified,,
Jungfernheide,s-bahn,KBS 103a,19601973_unified,,
Beusselstr.,s-bahn,KBS 103a,19601974_unified,,
Putlitzstr.,s-bahn,KBS 103a,19601975_unified,,
Wedding,s-bahn,KBS 103a,19601976_unified,,
Gesundbrunnen,s-bahn,KBS 103a,19601977_unified,,
Schönhauserallee,s-bahn,KBS 103a,19601978_unified,,
Prenzlauerallee,s-bahn,KBS 103a,19601979_unified,,
Greifswalderstr.,s-bahn,KBS 103a,19601980_unified,,
Leninallee,s-bahn,KBS 103a,19601981_unified,,
Zentralviehhof,s-bahn,KBS 103a,19601982_unified,,
Stalinallee,s-bahn,KBS 103a,19601983_unified,,
Ostkreuz,s-bahn,KBS 103a,19601984_unified,,
Treptower Park,s-bahn,KBS 103a,19601985_unified,,
Plänterwald,s-bahn,KBS 103a,19601986_unified,,
Baumschulenweg,s-bahn,KBS 103a,19601987_unified,,
Schöneweide,s-bahn,KBS 103a,19601988_unified,,
Oberspree,s-bahn,KBS 103a,19601989_unified,,
Spindlersfeld,s-bahn,KBS 103a,19601990_unified,,
Oranienburg,s-bahn,KBS 104,19601991_unified,,
Lehnitz,s-bahn,KBS 104,19601992_unified,,
Borgsdorf,s-bahn,KBS 104,19601993_unified,,
Birkenwerder,s-bahn,KBS 104,19601994_unified,,
Hohen-Neuendorf (b Bln),s-bahn,KBS 104,19601995_unified,,
Frohnau,s-bahn,KBS 104,19601996_unified,,
Hermsdorf,s-bahn,KBS 104,19601997_unified,,
Waidmannslust,s-bahn,KBS 104,19601998_unified,,
Wittenau (Nordbahn),s-bahn,KBS 104,19601999_unified,,
Wilhelmsruh,s-bahn,KBS 104,19602000_unified,,
Schönholz,s-bahn,KBS 104,19602001_unified,,
Wollankstr.,s-bahn,KBS 104,19602002_unified,,
Bornholmerstr.,s-bahn,KBS 104,19602003_unified,,
Gesundbrunnen,s-bahn,KBS 104,19602004_unified,,
Humboldthain,s-bahn,KBS 104,19602005_unified,,
Nordbahnhof,s-bahn,KBS 104,19602006_unified,,
Oranienburgerstr.,s-bahn,KBS 104,19602007_unified,,
Friedrichstr.,s-bahn,KBS 104,19602008_unified,,
Unter den Linden,s-bahn,KBS 104,19602009_unified,,
Potsdamerplatz,s-bahn,KBS 104,19602010_unified,,
Anhalter Bahnhof,s-bahn,KBS 104,19602011_unified,,
Großgörschenstr.,s-bahn,KBS 104,19602012_unified,,
Schöneberg,s-bahn,KBS 104,19602013_unified,,
Friedenau,s-bahn,KBS 104,19602014_unified,,
Feuerbachstr.,s-bahn,KBS 104,19602015_unified,,
Steglitz,s-bahn,KBS 104,19602016_unified,,
Botanischer Garten,s-bahn,KBS 104,19602017_unified,,
Lichterfelde West,s-bahn,KBS 104,19602018_unified,,
Sundgauerstr.,s-bahn,KBS 104,19602019_unified,,
Zehlendorf,s-bahn,KBS 104,19602020_unified,,
Lindenthalerallee,s-bahn,KBS 104,19602021_unified,,
Schlachtensee,s-bahn,KBS 104,19602022_unified,,
Nikolassee,s-bahn,KBS 104,19602023_unified,,
Wannsee,s-bahn,KBS 104,19602024_unified,,
Zehlendorf,s-bahn,KBS 104a,19602025_unified,,
Düppel-Kleinmachnow,s-bahn,KBS 104a,19602026_unified,,
Wannsee,s-bahn,KBS 104b,19602027_unified,,
Dreilinden,s-bahn,KBS 104b,19602028_unified,,
Stahnsdorf,s-bahn,KBS 104b,19602029_unified,,
Velten (Mark),s-bahn,KBS 105,19602030_unified,,
Hohenschöpping,s-bahn,KBS 105,19602031_unified,,
Hennigsdorf,s-bahn,KBS 105,19602032_unified,,
Hennigsdorf (b Bln),s-bahn,KBS 105,19602033_unified,,
Stolpe Süd,s-bahn,KBS 105,19602034_unified,,
Heiligensee,s-bahn,KBS 105,19602035_unified,,
Schulzendorf (b Tegel),s-bahn,KBS 105,19602036_unified,,
Tegel,s-bahn,KBS 105,19602037_unified,,
Eichbornstr.,s-bahn,KBS 105,19602038_unified,,
Wittenau (Kremmener Bahn),s-bahn,KBS 105,19602039_unified,,
Reinickendorf,s-bahn,KBS 105,19602040_unified,,
Schönholz,s-bahn,KBS 105,19602041_unified,,
Wollankstr.,s-bahn,KBS 105,19602042_unified,,
Bornholmerstr.,s-bahn,KBS 105,19602043_unified,,
Gesundbrunnen,s-bahn,KBS 105,19602044_unified,,
Humboldthain,s-bahn,KBS 105,19602045_unified,,
Nordbahnhof,s-bahn,KBS 105,19602046_unified,,
Oranienburgerstr.,s-bahn,KBS 105,19602047_unified,,
Friedrichstr.,s-bahn,KBS 105,19602048_unified,,
Unter den Linden,s-bahn,KBS 105,19602049_unified,,
Potsdamerplatz,s-bahn,KBS 105,19602050_unified,,
Anhalter Bahnhof,s-bahn,KBS 105,19602051_unified,,
Yorckstr.,s-bahn,KBS 105,19602052_unified,,
Papestr.,s-bahn,KBS 105,19602053_unified,,
Priesterweg,s-bahn,KBS 105,19602054_unified,,
Mariendorf,s-bahn,KBS 105,19602055_unified,,
Marienfelde,s-bahn,KBS 105,19602056_unified,,
Buckower Ch.,s-bahn,KBS 105,19602057_unified,,
Lichtenrade,s-bahn,KBS 105,19602058_unified,,
Mahlow,s-bahn,KBS 105,19602059_unified,,
Blankenfelde,s-bahn,KBS 105,19602060_unified,,
Dahlewitz,s-bahn,KBS 105,19602061_unified,,
Rangsdorf,s-bahn,KBS 105,19602062_unified,,
Bernau (b Bln),s-bahn,KBS 106,19602063_unified,,
Zepernick (Kr Niederbarnim),s-bahn,KBS 106,19602064_unified,,
Röntgental,s-bahn,KBS 106,19602065_unified,,
Buch,s-bahn,KBS 106,19602066_unified,,
Karow,s-bahn,KBS 106,19602067_unified,,
Blankenburg,s-bahn,KBS 106,19602068_unified,,
Pankow-Heinersdorf,s-bahn,KBS 106,19602069_unified,,
Pankow,s-bahn,KBS 106,19602070_unified,,
Bornholmerstr.,s-bahn,KBS 106,19602071_unified,,
Gesundbrunnen,s-bahn,KBS 106,19602072_unified,,
Humboldthain,s-bahn,KBS 106,19602073_unified,,
Nordbahnhof,s-bahn,KBS 106,19602074_unified,,
Oranienburgerstr.,s-bahn,KBS 106,19602075_unified,,
Friedrichstr.,s-bahn,KBS 106,19602076_unified,,
Unter den Linden,s-bahn,KBS 106,19602077_unified,,
Potsdamerplatz,s-bahn,KBS 106,19602078_unified,,
Anhalter Bahnhof,s-bahn,KBS 106,19602079_unified,,
Yorckstr.,s-bahn,KBS 106,19602080_unified,,
Papestr.,s-bahn,KBS 106,19602081_unified,,
Priesterweg,s-bahn,KBS 106,19602082_unified,,
Südende,s-bahn,KBS 106,19602083_unified,,
Lankwitz,s-bahn,KBS 106,19602084_unified,,
Lichterfelde Ost,s-bahn,KBS 106,19602085_unified,,
Lichterfelde Süd,s-bahn,KBS 106,19602086_unified,,
Teltow,s-bahn,KBS 106,19602087_unified,,
